racha_actual,puntaje_estrategia,payout,ret_1m,ret_3m,ret_5m,slope_5m,rv_20,range_norm,bb_z,body_ratio,wick_imbalance,micro_trend_persist,ts_ingest,result_bin
-9.0,0.16608726551260589,0.9550000000000001,-0.0002265457864715,-0.0004423745289001,-0.0006815004774123,-0.0001799868131402,0.0003345338726997,0.0004632178055659,-2.072845757908737,0.8228520814881196,0.1771479185118803,-0.2,1773789683.2953832,0
2.0,0.16369334010994924,0.95,-8.841151241262496e-05,0.0001367602223124,0.0001295613833041,2.025360807232065e-05,0.0001338051116883,0.000188148108546,-0.4507984028828058,0.6393442622951472,-0.2950819672116156,-0.1052631578947368,1773789689.9691064,0
-9.0,0.16604623043655395,0.9550000000000001,-0.0002252370837644,-0.0004410661087127,-0.0006801923702406,-0.0001797250775602,0.0003344873593883,0.0004631483046074,-2.071258337645307,0.8218703612074052,0.1781296387925948,-0.2,1773789690.0723264,0
4.0,0.15227407194868017,0.95,-0.0001418773952618,-0.0003577244157036,-0.0005968706152129,-0.0001630537381372,0.0003320709760534,0.0004614489775542,-1.9679459010730291,0.5411764705880007,-0.0476299257571638,-0.2,1773789690.1535294,0
2.0,0.10877453055268076,0.95,-0.0006557775612929,-0.0015336227088274,-0.0022011882061269,-0.0003476711505071,0.0007859410406108,0.0011466646813834,-2.1640373914229976,0.7940801119755798,0.2059198880244202,-0.2,1773789696.8073518,0
1.0,0.20612675923108523,0.95,-0.0001161686151466,0.0001089968689108,0.000101798229739,1.4701939257777327e-05,0.0001384787754715,0.000210394061909,-0.9945864103144256,0.786885245900955,-0.1475409836058078,-0.2,1773789711.8149292,1
-10.0,0.13106621953520883,0.95,0.0001630570217583,0.0001661340804582,-0.0001835037320967,-5.5678179711101744e-05,0.0001542083071935,0.0002066347398275,0.313633718278726,0.8695652173918939,-0.1304347826081061,0.2,1773789777.3742568,1
-10.0,0.13113210472573913,0.95,0.0001722866644994,0.0001753637515947,-0.0001742772874661,-5.383239483814168e-05,0.0001547355878098,0.0002071185199844,0.3673416837922277,0.8764705882358605,-0.1235294117641394,0.2,1773789782.1964874,1
-1.0,0.11230334418985859,0.95,0.0001825418231004,0.0001856189417463,-0.0001640256823212,-5.1781530748191766e-05,0.0001553532075759,0.0002076560430202,0.4268191681976784,0.8833333333337713,-0.1166666666662287,0.2,1773789785.3631308,1
-1.0,0.11230334418985859,0.95,0.0001825418231004,0.0001856189417463,-0.0001640256823212,-5.1781530748191766e-05,0.0001551001805913,0.0001845591650542,0.2134095840988392,0.8833333333337713,-0.1166666666662287,0.0526315789473684,1773789785.450121,1
2.0,0.15994356500554877,0.95,-0.0006609563782903,-0.0007790215595972,-0.0007947165172095,-6.249451795743888e-05,0.0004686933502079,0.0008674542531266,-1.6909125539084822,0.5113217623497749,0.436128170894725,-0.2,1773789806.2668626,0
1.0,0.12151560767491891,0.95,0.0004185106101913,0.0009658944058966,0.0005739560784459,0.0002254798243095,0.0004317559962386,0.0005589709093461,2.087725232614884,0.9531053125931328,-0.0067581498704574,0.2,1773789918.5999854,0
1.0,0.11859155635571353,0.95,0.0024789351569177,0.0065227253221514,0.0068745592248488,0.0015957876098403,0.0012792088371361,0.0018557258872639,2.551692723797928,0.9048723897911632,-0.0951276102088369,0.6,1773789925.8609352,0
1.0,0.11859155635571353,0.95,0.0024789351569177,0.0065227253221514,0.0068745592248488,0.0015957876098403,0.0012435070840913,0.002625071565176,1.275846361898964,0.9048723897911632,-0.0951276102088369,0.1578947368421052,1773789925.9190514,0
1.0,0.10848361157990515,0.95,0.0020271095371839,0.0060690771324529,0.006420752460675,0.0015054347294375,0.00123661642129,0.0018328304675112,2.37264669867446,0.8851540616246248,-0.1148459383753751,0.6,1773789925.968124,0
-1.0,0.1243742675512995,0.9550000000000001,3.1780497231456405e-05,0.0004102261166354,0.0003066122626446,0.0001102241004636,0.0001630341060457,0.0002160357674082,1.2430543494299298,0.5304347826077879,-0.1739130434789485,0.2,1773789963.8338008,0
-1.0,0.2293400645257876,0.9550000000000001,-0.0005723080451973,-0.0023363882151498,-0.0019935515387172,-0.0005166995477052,0.000553896027297,0.0009891518758847,-2.142068818612757,0.3218035171228707,0.5301071003569516,-0.6,1773790107.882905,1
-2.0,0.2322713233786679,0.9524999999999999,-0.0006158468724687,-0.0023798501924575,-0.0020370284512793,-0.0005254068941787,0.0005563483499705,0.000989194968936,-2.165656037139998,0.3592489752744875,0.5675525585085684,-0.6,1773790107.9295647,1
-1.0,0.09962810832347664,0.9550000000000001,0.0002613698444797,0.0004541535572115,0.0008327590167701,0.0001338686713483,0.000179326536565,0.0002320163591488,2.3578558129702434,0.8982456140347943,-0.1017543859652056,0.6,1773790107.97197,0
-1.0,0.10068486996497801,0.9550000000000001,0.0002746945816492,0.0004674808625021,0.0008460913655606,0.0001365333805664,0.0001759184490231,0.0003135576807797,1.1970878858017502,0.8790849673199798,-0.0686274509807126,0.0526315789473684,1773790110.7955775,1
-1.0,0.12544208792541495,0.9550000000000001,0.0010178548708597,0.0023755617075377,0.0007870656232525,0.000424444391422,0.0009018631240901,0.0014073255629859,1.2507414735432532,1.0,0.0,0.2,1773790119.9684968,0
1.0,0.23169019958552836,0.95,0.0005123638271137,0.000616120393585,-0.0012421301313978,0.0001030744233931,0.0011108569998571,0.0017471130120613,1.164834257212671,0.5760000000000218,-0.1039999999999054,0.2,1773790248.690398,0
-2.0,0.18395686625219498,0.9550000000000001,0.0005123638271137,0.000616120393585,-0.0012421301313978,0.0001030744233931,0.0011108569998571,0.0017471130120613,1.164834257212671,0.5760000000000218,-0.1039999999999054,0.2,1773790248.7839656,0
1.0,0.18186204591109925,0.95,0.0005245629658545,0.0006283207974183,-0.0012299523850116,0.0001055137973012,0.0011004483590881,0.0008595883730004,0.5849934305724115,0.524822695035437,0.0070921985817146,0.1578947368421052,1773790253.0180128,0
1.0,0.18471640791179222,0.95,0.0007380478938187,0.0008418278645023,-0.001016841823252,0.0001482009140886,0.0011175221700552,0.0017589091491184,1.259288888261024,0.6687116564417623,-0.0736196319017686,0.2,1773790258.527778,0
1.0,0.23992733813696865,0.95,0.0011406194722651,0.0012444411910034,-0.0006149761925058,0.000228686704094,0.0011351920379546,0.0017729524227303,1.423012640701645,0.8373205741627122,-0.1531100478468655,0.2,1773790268.8673344,1
-2.0,0.1904867577010118,0.9550000000000001,0.0010064289461163,0.0011102367488363,-0.0007489314027546,0.0002018595472247,0.0011284932838161,0.0017731900969465,1.3691377854965536,0.7320574162679582,-0.0478468899521114,0.2,1773790268.9129233,1
-1.0,0.2854658377792208,0.9550000000000001,-0.0005446019183215,-0.0017778410447278,-0.0041388941882609,-0.0005565426797479,0.000735322099002,0.0010691003568341,-2.0257684528756075,0.6621349446122178,-0.3378650553877823,-1.0,1773790386.6545014,1
-3.0,0.28958250444588746,0.9524999999999999,-0.0005446019183215,-0.0017778410447278,-0.0041388941882609,-0.0005565426797479,0.000735322099002,0.0010691003568341,-2.0257684528756075,0.6621349446122178,-0.3378650553877823,-1.0,1773790386.6890876,1
-1.0,0.28255189007653175,0.9550000000000001,-0.0003085809939735,-0.0015421113492222,-0.0039037220543497,-0.0005093397887888,0.0006000230741664,0.0007360788758304,-0.9775103092136104,0.3413897280966081,-0.6586102719033919,-0.4210526315789473,1773790391.837665,1
-1.0,0.15283268447266588,0.95,-0.0003001272220702,-0.0026761772530232,-0.0048489271021712,-0.000777499364684,0.0011791456459729,0.0015209426404526,-1.253870072224006,1.0,0.0,-1.0,1773790421.043066,1
1.0,0.15224789862669125,0.95,-0.0001513916075929,-0.0025277951479051,-0.0047008682593568,-0.0007477671762306,0.0011776459056624,0.0015207163878616,-1.165592075164002,0.6585365853658605,-0.3414634146341396,-1.0,1773790423.744139,1
2.0,0.15478737958026173,0.95,-0.0002629433184509,-0.0026390817267437,-0.0048119123914676,-0.0007700661519452,0.0011786782846011,0.0015208860709935,-1.2319523993613417,0.9146341463415344,-0.0853658536584655,-1.0,1773790426.5793316,1
1.0,0.3063356380425241,0.95,4.09863781762436e-06,0.0001352727898782,6.250787752952093e-05,3.9965019335892426e-05,0.0001552301963297,0.0002101082564455,1.3309897307506788,0.0341880341872236,-0.2649572649552584,-0.2,1773790535.5305164,1
1.0,0.16695202192106787,0.95,-0.0002415965549925,0.0001620147194355,-0.0015987358586113,7.381378852188394e-05,0.0011142897429107,0.0014794201958676,-1.367326940979211,1.0,0.0,-0.2,1773790597.7939754,1
2.0,0.1668962870400533,0.95,-0.0006716915210229,-0.0002682538797213,-0.0020282469848054,-1.221484315877148e-05,0.0011235280802711,0.0015027087069014,-1.6702956643356577,1.0,0.0,-0.2,1773790600.3792694,1
3.0,0.16899628704005332,0.95,-0.0006716915210229,-0.0002682538797213,-0.0020282469848054,-1.221484315877148e-05,0.0011235280802711,0.0015027087069014,-1.6702956643356577,1.0,0.0,-0.2,1773790603.1796117,1
1.0,0.24908608586797662,0.95,0.0001106809130765,-4.918365381261063e-05,8.198350901727305e-05,5.3286168243109485e-06,0.0001556021119341,0.0002036476003398,0.9817051738765112,0.8045977011512037,0.1034482758623573,0.2,1773790611.343612,1
1.0,0.16398296543362242,0.95,-0.0008416055816769,-0.0004382365361784,-0.0021979303926845,-4.6205542434486016e-05,0.0011257129015949,0.0008423144782433,-0.891458615497225,1.0,0.0,-0.1052631578947368,1773790619.8474984,1
2.0,0.1690684573901084,0.95,0.0001004281518557,-1.5369876067528696e-05,0.0001414250314108,-1.4448530338530649e-05,0.0001540011884935,0.0002063909466263,1.0175589165423593,0.6403508771935004,0.3596491228064997,0.6,1773790673.226059,1
2.0,0.19462110332529067,0.95,-0.0007848458243541,-0.0028832292167227,-0.0024806843926705,-0.0008986194589784,0.0011485028037802,0.001571765398319,-2.263907534394564,0.6124314442412712,0.1279707495430055,-0.6,1773790739.127108,1
4.0,0.20075019614906003,0.95,-0.0009205310346662,-0.0030186294838064,-0.0026161393220348,-0.0009257546375443,0.0011537925913518,0.0015719788601359,-2.31904148507854,0.7056672760511787,0.2212065813529131,-0.6,1773790741.818778,1
3.0,0.19865019614906002,0.95,-0.0009205310346662,-0.0030186294838064,-0.0026161393220348,-0.0009257546375443,0.0011537925913518,0.0015719788601359,-2.31904148507854,0.7056672760511787,0.2212065813529131,-0.6,1773790741.8572214,1
2.0,0.24710538227062614,0.95,-0.0009604384494638,-0.0030584530917721,-0.0026559790071419,-0.0009337358524266,0.0011555034027765,0.0015744243848104,-2.334969082041177,0.7109929078013353,0.2109929078014158,-0.6,1773790752.283558,1
2.0,0.20664270705037402,0.95,-0.001676111421502,-0.0037726231279585,-0.0033704373600631,-0.0010768872508884,0.0011675840177503,0.0021612834452617,-1.2995484637874324,0.8261405672009511,0.1738594327990489,-0.2105263157894736,1773790761.5510657,0
3.0,0.2218326501519243,0.95,0.0004160185589362,0.0005144380839948,0.0003985921193521,0.0001217300670601,0.0001494775086804,0.0002051195688057,2.045294377974489,0.9139240506328904,0.0860759493671095,0.2,1773790812.9789648,1
5.0,0.13868219274509216,0.95,-0.0010756658406047,5.4203322768566055e-05,0.0015222676885189,0.0002660769084245,0.0007862395942428,0.0011565912988803,-0.4016854541145376,0.9374763057361876,-0.0625236942638124,0.6,1773790883.3237283,0
4.0,0.1365821927450922,0.95,-0.0010756658406047,5.4203322768566055e-05,0.0015222676885189,0.0002660769084245,0.0007862395942428,0.0011565912988803,-0.4016854541145376,0.9374763057361876,-0.0625236942638124,0.6,1773790883.35578,0
3.0,0.2664951324686079,0.95,6.0424074589950505e-05,0.0007009582837589,0.0007306989909589,0.0002011076802029,0.0001669282630357,0.0002094502824802,2.1353698706354622,0.5579710144933936,-0.4420289855066064,0.6,1773790886.016117,0
3.0,0.26594362074278327,0.95,5.632752716022124e-05,0.000696859112509,0.0007265996978821,0.0002002882511629,0.0001668528466908,0.0002119304900332,2.1268675388330327,0.3967391304355026,-0.0597826086949752,0.6,1773790891.619076,0
-1.0,0.23706084725226095,0.95,-0.0008265939264011,-0.001582662122952,-0.0040399422713511,-0.0006870969169124,0.0010700919884853,0.0008139345596614,-1.005041752144787,0.9836065573769904,-0.0163934426230094,-0.3684210526315789,1773790925.7793822,1
4.0,0.13011739005533343,0.95,0.0016943161179438,0.0033882577029443,0.0015173027354104,0.0005235206428028,0.0011366200308497,0.0018265869595012,1.803212755251035,0.6860465116279123,0.0,-0.2,1773790956.6709542,1
-1.0,0.24155047169579846,0.9550000000000001,0.0016493113668592,0.0030717097965601,0.0047679806594587,0.0007200795678792,0.0010306130506179,0.0017885821113647,2.660712780912005,1.0,0.0,0.2,1773791039.5950077,1
-1.0,0.1940744007840748,0.9550000000000001,0.0018014618619569,0.0032240763539292,0.004920604880312,0.0007504911974017,0.0010439333210509,0.0017963039878396,2.739753632351456,1.0,0.0,0.2,1773791042.3761451,1
-1.0,0.24297397234774437,0.9550000000000001,0.0017345156441139,0.0031570350686868,0.0048534502231366,0.0007371103084663,0.0010379488496879,0.0017948252243771,2.705507818818822,0.9800664451827424,0.0199335548172576,0.2,1773791042.4116614,1
-1.0,0.2589035038076308,0.9550000000000001,0.002659590654308,0.0040834237374907,0.005781405485925,0.0009219781329912,0.0011363444716237,0.0018468397667634,3.0,0.9530916844349628,0.0469083155650372,0.2,1773791051.9313664,0
1.0,0.3142011053476231,0.95,-0.0012287276525157,-0.0012980873244175,-0.0030794580153892,-0.0006063474696879,0.0011353467130419,0.0013826819751224,-0.8900278008685397,0.8723404255318569,-0.1276595744681431,-0.0526315789473684,1773791099.097434,1
5.0,0.3223806253585263,0.95,-0.0012046873288796,-0.0012740486702617,-0.003055462238646,-0.0006015365358654,0.0012017404131009,0.001666272549152,-1.7743049803827036,0.6359712230216098,-0.3640287769783901,-0.6,1773791110.9541302,1
1.0,0.3211315852273233,0.95,-0.0005913486495308,-0.0017399345720455,-0.0040849738556339,-0.0005940722180068,0.0012087457554352,0.0016622234084062,-1.7862692608017967,0.5571955719557087,0.3948339483394546,-0.6,1773791182.6189253,1
1.0,0.3187187389055372,0.95,-0.0003237700750824,-0.0014726635164317,-0.003818330653569,-0.0005405714658469,0.0012034029285539,0.0016617784889846,-1.727962919341562,0.372693726937261,0.2103321033210069,-0.6,1773791185.349918,1
-2.0,0.3223926621833037,0.9524999999999999,-0.0004869930054959,-0.0016356988603561,-0.0039809830068286,-0.0005732062440981,0.0012062933370775,0.0016650087498555,-1.7636637945870788,0.4671403197158185,0.2735346358792067,-0.6,1773791192.902671,0
2.0,0.26686629052586947,0.95,0.0001249224354551,0.0001792017432745,0.0004015011225643,4.4133256630907225e-05,0.0001441653004606,0.0001484548410612,0.8457661969451145,0.7793103448278976,-0.2206896551721023,0.1052631578947368,1773791294.1888902,0
6.0,0.27390889184136663,0.95,0.0001157068459543,0.0001699856536204,0.0003922829845462,4.229018232906287e-05,0.0001517478642684,0.0001826199972076,1.670331076927325,0.7647058823532559,-0.2352941176467441,0.6,1773791294.2341828,0
2.0,0.401947345415195,0.95,0.0007653293649588,-0.0001213732165723,0.0005769254126533,-0.000227017236314,0.0010648936044461,0.0017866389561402,1.4739614469174955,0.4966442953020165,-0.4093959731541401,-0.2,1773791340.2431512,0
-3.0,0.404018627695954,0.9537500000000001,0.0007592553223798,-0.0001274418774009,0.0005708525135728,-0.0002282315093022,0.0010646647358307,0.0017994275565096,1.471400673425134,0.3862433862434219,-0.3386243386242941,-0.2,1773791350.7739685,0
2.0,0.4067009861164854,0.95,0.0009839948978043,9.709857325788888e-05,0.0007955497795537,-0.0001833053721827,0.0010743048256296,0.0018258508155009,1.5649917651132483,0.4029304029304502,-0.0622710622710052,-0.2,1773791367.839764,0
2.0,0.4026619518872273,0.95,0.0007956995778541,-9.102991242914144e-05,0.0006072899080563,-0.0002209459155962,0.0010660645326656,0.001826194341321,1.486739455283034,0.2893772893773574,0.0512820512820875,-0.2,1773791374.827823,0
-1.0,0.10982423677196088,0.9550000000000001,0.0001239195444677,-7.577037480735194e-05,4.9154491543008896e-05,-2.918542555625931e-05,0.0001637688687335,0.0001474562264928,0.5041342497768984,0.9722222222228888,0.027777777777111,0.1052631578947368,1773791469.217279,0
-1.0,0.10982423677196088,0.9550000000000001,0.0001239195444677,-7.577037480735194e-05,4.9154491543008896e-05,-2.918542555625931e-05,0.0001687554640259,0.0001935901920913,1.0082684995537967,0.9722222222228888,0.027777777777111,0.6,1773791469.2540824,0
-1.0,0.10981025047836157,0.9550000000000001,0.0001249436729344,-7.474645082344617e-05,5.017854345017432e-05,-2.8980609616832397e-05,0.0001687952035422,0.0001945600996147,1.0110327373021466,0.8703703703709734,0.1296296296290266,0.6,1773791478.49141,1
-1.0,0.10218889295593844,0.9550000000000001,0.0001312603321292,0.0005790062381193,-0.0004010548083294,1.936730523634701e-05,0.0006402089443907,0.0009558905252323,0.4916508206359961,0.491043951708056,0.0332991399039607,0.2,1773791508.1411471,0
-1.0,0.10215270219110367,0.9550000000000001,0.0001347113079974,0.000582458758945,-0.0003976056692268,2.0057550162000048e-05,0.0006402466719859,0.0009558872269215,0.4947837022032785,0.4998816381279644,0.0244614534840523,0.2,1773791516.0257347,0
1.0,0.13356504004460404,0.95,0.0002636547879976,0.002032932438345,0.0034142640364188,0.0005343819479647,0.0010116400056904,0.0014855224271707,0.6706534798653095,0.225888324873061,-0.774111675126939,0.6,1773791637.8546102,1
-2.0,0.13623851725275543,0.9550000000000001,0.0003036024831488,0.0020729507934305,0.0034543375579731,0.0005423733511583,0.0009967318589922,0.0013152114588464,0.3424902262740481,0.2105263157894639,-0.4453441295547062,0.1578947368421052,1773791642.9838438,1
-4.0,0.21886044743949254,0.95,-0.001304217987238,-0.0014076782449725,-0.0055647931256295,-0.0007378630365348,0.0012232693129944,0.002010270720097,-1.3587109275287776,0.602510460251101,0.397489539748899,-1.0,1773791645.6368244,1
-2.0,0.13623851725275543,0.9550000000000001,0.0003036024831488,0.0020729507934305,0.0034543375579731,0.0005423733511583,0.001012229304729,0.0014994755829016,0.6849804525480963,0.2105263157894639,-0.4453441295547062,0.6,1773791645.6836534,1
-2.0,0.21479151243725883,0.9524999999999999,-0.0012798400809345,-0.0013833028641072,-0.0055405192188656,-0.0007329850588033,0.0012219133939655,0.0020137545538313,-1.3479652748117092,0.5600000000000364,0.3199999999998908,-1.0,1773791651.0608552,0
-2.0,0.15211125436756914,0.9524999999999999,-0.0004155144516408,-0.0007580470822833,-0.0009287172447926,-0.0003006458235011,0.0006400481699942,0.0009515643856268,-1.292007528711285,0.7496639784948812,0.2270385304661614,-0.6,1773791696.6115205,1
2.0,0.2238073909870515,0.95,-0.0004239315931037,-0.0020622925687513,-0.0026416295902447,-0.0005782668261996,0.0006851606160936,0.0009973362227038,-2.393749427090501,0.3760622977633767,0.6239377022366233,-1.0,1773791779.8529906,0
1.0,0.21085394539874489,0.95,-0.0001903801188435,-0.0018291238983951,-0.0024085962822883,-0.0005315706690851,0.0006774028357165,0.000868626047514,-1.1135308033445344,0.1071365074849781,0.3550119119582248,-0.2631578947368421,1773791785.3639133,1
1.0,0.2159397488957553,0.95,-0.000299234931321,-0.0019378002917582,-0.0025172095852827,-0.0005533344998719,0.0006816883018059,0.0009972118209808,-2.3065083530935686,0.2324787540447159,0.4803541585179625,-1.0,1773791785.40407,1
1.0,0.1675195835200256,0.95,-0.0003342846368987,-0.001972792548912,-0.0025521815282325,-0.000560342346193,0.0006825449493548,0.0009972467846493,-2.331433125189331,0.2728371795326621,0.5207125840059087,-1.0,1773791788.133024,1
-3.0,0.17007608055161608,0.9524999999999999,-0.0002966409443002,-0.0019352105564269,-0.0025146213533814,-0.0005528158614024,0.0006816286294516,0.0009972092334587,-2.304651076040357,0.2294918749776693,0.477367279450916,-1.0,1773791788.1844058,0
1.0,0.2964265768371346,0.95,-0.0009333882884162,-0.0021544268572899,-0.0024963636060941,-0.0006207640769992,0.0006924997741541,0.0009994889719764,-2.5006137227081227,0.9739608887643028,-0.0260391112356972,-0.6,1773791838.271777,1
-1.0,0.23071981818589996,0.9550000000000001,-0.0002321325054011,-0.0013846124203015,-0.002605099512365,-0.0003760848477179,0.0006751251769685,0.0009328011576462,-2.010750679716463,1.0,0.0,-0.6,1773791918.1326294,1
2.0,0.2365852310545327,0.95,-0.0004535069721981,-0.0016057316982342,-0.0028259485428852,-0.0004203592698165,0.0006437741174341,0.0005538882995742,-1.0625982184820646,1.0,0.0,-0.1578947368421052,1773791926.1347365,1
2.0,0.2340554641759227,0.95,-0.0003100973713783,-0.001462487412474,-0.0026828793273311,-0.0003916772078962,0.0006767710087199,0.0009465030287193,-2.0516868564087445,0.6939650664158091,-0.3060349335841908,-0.6,1773791926.1811008,1
2.0,0.23112979829170546,0.95,-0.0001499942623792,-0.0013025688619343,-0.0025231562259395,-0.0003596583707125,0.0006739006199434,0.0009463514679085,-1.9668798759739263,0.4231251961091214,-0.5768748038908785,-0.6,1773791928.9360628,1
-4.0,0.2340321147268348,0.95,-8.037615049185259e-05,-0.0012330310021517,-0.0024537033538922,-0.0003457361637246,0.0006732740472952,0.0009462855794103,-1.9290983397077548,0.3053550883799942,-0.6946449116200057,-0.6,1773791928.9930444,1
2.0,0.3173513644032943,0.95,0.0011290792540793,0.0023886366537206,0.0065917164097117,0.0011149769044838,0.0013207714783915,0.0020226467503936,1.4834909938898757,0.8101851851851545,-0.1898148148148455,1.0,1773791996.0721488,0
3.0,0.23979395300467368,0.95,-0.0004047046646765,-0.0004312489612928,-0.0015834993451954,-0.0001211095051452,0.0006323072391112,0.0005518038406315,-0.8632594992832571,0.9218136980158708,0.0781863019841293,-0.1052631578947368,1773792066.1651204,0
3.0,0.2416926501406685,0.95,-0.0005081762491751,-0.0005347177980989,-0.0016868489085581,-0.0001418058828787,0.0006605150690975,0.0009297658635621,-1.778759189150728,0.9341639529944276,0.0658360470055723,-0.6,1773792066.223548,1
1.0,0.13550746735461464,0.95,3.2679301917853955e-05,0.0004152542123377,0.0003943425283978,9.846746480671156e-05,0.000317859660492,0.0004892485025915,1.247953194142268,0.3458778504222993,0.6541221495777007,0.6,1773792103.472857,0
3.0,0.13325483863183155,0.95,0.0001576281890057,0.0005402509001728,0.0005193366034267,0.000123458906541,0.0003198222549767,0.00048918738117,1.602264292846285,0.9100621910378914,0.0899378089621086,0.6,1773792116.002292,0
1.0,0.12905483863183156,0.95,0.0001576281890057,0.0005402509001728,0.0005193366034267,0.000123458906541,0.0003198222549767,0.00048918738117,1.602264292846285,0.9100621910378914,0.0899378089621086,0.6,1773792116.0515327,0
-1.0,0.21350140872441653,0.9550000000000001,0.0016738533195058,0.0026041666666667,0.0038655799281586,0.0007878017480829,0.0013905950245895,0.002046119749469,1.714652194177605,0.8733333333333727,0.0866666666666636,0.6,1773792136.8671484,0
-1.0,0.1693774033624255,0.9550000000000001,0.0010214068746282,0.0007705289988188,-0.0016304535746298,-0.0003427034021973,0.0010612010053277,0.0019021941836549,0.1934545804378374,0.606442577030813,-0.194677871148445,0.1052631578947368,1773792210.828311,1
4.0,0.17592750732260912,0.95,0.0011334149392089,0.0008825089917267,-0.0015187422367269,-0.000320311250866,0.0010761668803095,0.0016222782220469,0.4313434579133838,0.6652661064425889,-0.2535014005602209,-0.2,1773792213.5458922,1
-1.0,0.09690057529485635,0.9550000000000001,0.0008550992954088,0.0021498492971646,-0.0006277397114525,0.0004751977680896,0.0010185751252774,0.0015835028809554,0.7133897567532099,0.7368421052631305,-0.2631578947368695,0.2,1773792242.191317,1
-1.0,0.09424226198533728,0.9550000000000001,0.0003969152492708,0.0016910725240724,-0.001085244924884,0.0003835514787921,0.0010036448664464,0.0015842281288505,0.5330291797781651,0.3432494279176287,0.1304347826086323,0.2,1773792259.0630236,1
-2.0,0.11256733773905374,0.9550000000000001,0.0004738289371057,0.0023148333346667,0.0020636312978747,0.0006798871685683,0.0010036229229192,0.0015604302995429,0.7766582639754092,0.4303797468354168,-0.3974683544303243,0.6,1773792296.2831616,1
1.0,0.13795792636149937,0.95,0.0004011711008028,0.0030740952862984,0.0043717158784774,0.001105654243956,0.0010117806225962,0.0005444178579679,0.7194256008737377,0.7853658536584814,0.2146341463415186,0.2631578947368421,1773792352.938677,0
5.0,0.1483782732417964,0.95,0.0005021280665678,0.0031753219941661,0.004473073537649,0.0011258552348676,0.001095233806556,0.0016156188414139,1.477834105428628,0.970731707317096,0.0292682926829041,1.0,1773792352.9999201,0
1.0,0.139832797548918,0.95,0.0004941577797969,0.0031673304119661,0.0044650716171881,0.0011242604495019,0.0010950429947228,0.0016310053701585,1.4747708605432357,0.6222222222222158,0.3777777777777842,1.0,1773792384.2998722,0
1.0,0.19211898119609438,0.95,0.0007030729135098,0.0016015335897404,0.0014253567940995,0.0006661263237592,0.0014316296824496,0.0020427068543525,1.4593623763586965,1.0,0.0,0.2,1773792413.7752514,1
1.0,0.19211898119609438,0.95,0.0007030729135098,0.0016015335897404,0.0014253567940995,0.0006661263237592,0.0014316296824496,0.0020427068543525,1.4593623763586965,1.0,0.0,0.2,1773792413.8251126,0
1.0,0.19536447027534,0.95,0.0009576337959875,0.0018563230244718,0.0016801014126195,0.0007170502663156,0.0014393795880472,0.0020753314730136,1.5497013986235149,0.771217712177146,0.2287822878228541,0.2,1773792437.887179,1
-1.0,0.30113482027476357,0.9550000000000001,-0.0002998736445725,-0.000985502533153,-0.0009550391233272,-0.0003356059553828,0.000456994885912,0.0008948449599924,-0.7636414828696063,0.3381879821496764,0.0696371121179851,-0.1052631578947368,1773792494.0728338,1
-1.0,0.30113482027476357,0.9550000000000001,-0.0002998736445725,-0.000985502533153,-0.0009550391233272,-0.0003356059553828,0.0005077233728427,0.0008693681757508,-1.5272829657392126,0.3381879821496764,0.0696371121179851,-0.2,1773792494.1338542,1
-1.0,0.20009568046614698,0.9550000000000001,0.0004727501939487,0.0004848778713861,0.0013831426456849,0.0005723765267416,0.001339011131747,0.0019398468911115,1.243965090004947,0.6363636363637407,-0.3636363636362592,0.2,1773792525.4647882,0
2.0,0.2136852484042135,0.95,0.0012667280837858,0.0012788653857808,0.0021778430254424,0.000731119121493,0.0013658845736136,0.0019825928159604,1.517413210051014,0.8151260504202315,-0.1176470588235237,0.2,1773792551.7912245,0
-1.0,0.21175191507088015,0.9550000000000001,0.0012667280837858,0.0012788653857808,0.0021778430254424,0.000731119121493,0.0013658845736136,0.0019825928159604,1.517413210051014,0.8151260504202315,-0.1176470588235237,0.2,1773792556.1976516,0
2.0,0.16948219149927493,0.95,-0.0002784984441039,-0.0007187234294428,-0.0007580914749819,-0.0001764095054348,0.0003005228161365,0.000484623358725,-2.070955953533073,0.7090167984191177,-0.0876729249014654,-0.2,1773792597.8859487,1
-2.0,0.20259013758741337,0.9550000000000001,0.0018007748788872,0.0014182505818463,0.001430389720589,0.0002587116764395,0.0013368626139026,0.0019657286001247,1.3754035862716445,0.7063711911357411,-0.2493074792244088,0.2,1773792683.4805796,1
1.0,0.1682043980928491,0.95,-0.0004263945269217,-0.0009734639505739,-0.0014140356754428,-0.000174087759097,0.0004467673619678,0.0008684496359439,-0.7634501806196634,0.4417742280539614,0.5582257719460385,-0.1578947368421052,1773792686.3927343,1
1.0,0.1682043980928491,0.95,-0.0004263945269217,-0.0009734639505739,-0.0014140356754428,-0.000174087759097,0.0005025959596281,0.0008872357260017,-1.5269003612393268,0.4417742280539614,0.5582257719460385,-0.6,1773792686.4469626,1
-2.0,0.19975167290214735,0.9550000000000001,0.0004722264265173,0.000835781122248,0.001648674695874,0.0003525290018704,0.0013210126759801,0.0018915175359504,1.3187205243199924,0.8571428571427412,0.1428571428572588,0.6,1773792699.520166,0
-1.0,0.25550275736663697,0.9550000000000001,-0.0002451645301989,-0.0003533474041681,-0.0007935394299455,-8.111509515990005e-05,0.0002555497740615,0.0004529985682208,-2.284251958545449,0.8580198408799073,-0.1419801591200926,-0.2,1773792705.0305192,0
3.0,0.2619817871309086,0.95,0.0012834872105342,0.0016473367047208,0.0024608894357531,0.0005147783788235,0.0013490885214139,0.0019736802326154,1.5870583586710625,0.5835694050991392,0.3654390934844762,0.6,1773792739.3786764,0
1.0,0.15264070464563356,0.95,-0.0005985491169405,0.0003275100449727,-0.000845740182233,0.000129357635534,0.0009278442308209,0.0013995524794354,-0.2774844355616648,0.4228855721392123,0.1691542288555491,-0.2,1773792822.379921,0
2.0,0.1088375603338916,0.95,-0.0008805322564769,4.5265615971858834e-05,-0.0011276535763107,7.293414047116086e-05,0.0009333493501166,0.0007082416967979,-0.250527365239694,0.7180451127819395,0.2819548872180605,-0.0526315789473684,1773792827.8083913,0
2.0,0.11186416262890866,0.95,-0.0009869409883775,-6.124171572661118e-05,-0.0012340359891702,5.164060058551003e-05,0.0009451481333586,0.0014148123211863,-0.5844867210635456,0.7549019607843094,0.2450980392156906,-0.2,1773792827.8761601,0
-2.0,0.12017943861620754,0.9524999999999999,-0.001186457360691,-0.0002609429626611,-0.0014335030132818,1.1712768834666136e-05,0.0009571455215772,0.0014256082700418,-0.7391064931098807,0.8031496062992097,0.1968503937007902,-0.2,1773792845.9118316,0
-3.0,0.22766447137865894,0.9524999999999999,-0.0001322313496388,-0.001148410796473,-0.0015369832355348,-0.0003691046919163,0.0004291007882524,0.0008850197946525,-2.0913076058023363,0.0145225225224134,0.5459819819818058,-1.0,1773792858.4679525,1
-1.0,0.1977444653767142,0.9550000000000001,0.0003446649493886,3.022426403914316e-05,0.0030679868306968,0.0002830496788474,0.0012916070849637,0.0018693937673088,1.5402864686687734,0.2547169811320714,0.1415094339623572,0.6,1773792899.5921993,0
-1.0,0.16787205875520572,0.9550000000000001,0.0002195166031527,0.0011833887925674,0.0019395094397946,0.0004490806627819,0.0003308835460907,0.0004927353472408,2.42051715248276,0.6935668744178277,-0.3064331255821723,1.0,1773792963.0136466,1
-1.0,0.1669048360961779,0.9550000000000001,0.0002666424016435,0.0012305600043358,0.001986716276532,0.0004585060459099,0.0003221085280568,0.0004172466707361,1.2390883339557863,0.6585510186827754,-0.1406994110520807,0.2631578947368421,1773792968.5828874,1
-1.0,0.1688356322687815,0.9550000000000001,0.000174919391304,0.0011387486041405,0.0018948355378957,0.0004401608452628,0.0003294815508606,0.0004974416570952,2.3642045420182995,0.4387803984556733,0.0790712091750213,1.0,1773792968.6527772,1
-3.0,0.11971490431484179,0.9537500000000001,0.000393901971639,-8.778720381792595e-05,0.0008387452371252,2.2088179204867646e-05,0.0009127354824881,0.00135318982576,0.2591696511652667,0.1046511627908698,-0.3682170542635057,0.6,1773792991.6624897,1
1.0,0.13508809935135274,0.95,0.0008381292954126,0.0015336443223208,0.0010858456821665,0.0001987545777409,0.0009186948124023,0.0013340071930608,0.924110976524901,0.755102040816405,-0.244897959183595,0.6,1773793022.74233,1
-2.0,0.08668243380303442,0.9550000000000001,0.0009764871473537,0.0016720983236414,0.0012242377789132,0.0002264196324711,0.0009258586183271,0.00135648687806,1.0344003394908603,0.6158415841584743,0.0514851485148974,0.6,1773793037.5126462,0
1.0,0.19727612140451992,0.95,0.0002458024117312,0.0002539979065655,0.0001792189943458,4.9978349542833285e-05,0.0001618327032342,0.0002044077709227,1.6116546617648837,0.8624535315988248,0.1375464684011753,-0.2,1773793104.6106434,1
1.0,0.19767561456791738,0.95,0.000248874941878,0.000257070461887,0.0001822913199633,5.0592806358394417e-05,0.0001620205180919,0.0002754349876155,0.8110156589886472,0.8736059479559509,0.1263940520440491,0.1052631578947368,1773793110.161656,1
1.0,0.19767561456791738,0.95,0.000248874941878,0.000257070461887,0.0001822913199633,5.0592806358394417e-05,0.0001620796691637,0.0002044071430299,1.6220313179772945,0.8736059479559509,0.1263940520440491,-0.2,1773793110.2631283,1
2.0,0.2002127633079835,0.95,3.481277383063847e-05,0.0003902465005849,0.0003000837776553,9.71852927212988e-05,0.0001628552606961,0.0002049894452529,1.721064537458154,0.3388429752082391,-0.3305785123966321,0.2,1773793164.706877,0
1.0,0.1983553971534447,0.95,3.686058405582772e-05,0.0003922950386456,0.0003021321310863,9.759488516777756e-05,0.0001628789760959,0.0002052045765147,1.7275212982984542,0.3440000000002328,-0.3039999999979045,0.2,1773793167.4878044,0
-3.0,0.23278227967134146,0.9524999999999999,-0.0007896207390849,-0.0016507057981041,-0.0074034742628203,-0.0009239137033035,0.0015083130349257,0.0019122642783146,-1.4850076247471853,0.992424242424078,0.0075757575759219,-0.6,1773793200.9512758,1
2.0,0.2193376027935769,0.95,-6.962127052660015e-05,-8.191240901315741e-06,0.0003472272013079,5.754519960401307e-05,0.0001549266178847,8.088916648311864e-05,0.6394953073403867,0.658227848100304,-0.341772151899696,-0.0526315789473684,1773793249.8803384,0
2.0,0.21751920602823174,0.95,-7.474048159485576e-05,-1.3310766464754486e-05,0.0003421058561557,5.6521321542188345e-05,0.0001566284588477,0.0002000413878733,1.2633016451150925,0.7215189873422676,-0.2784810126577324,0.4,1773793249.9288611,0
2.0,0.21053499769739634,0.95,1.4333790990929468e-05,7.576897833721717e-05,0.0004312172618012,7.43365006552916e-05,0.0001557218042864,0.000206382077457,1.528283145582271,0.1408450704231005,-0.2769953051644916,0.8,1773793282.381171,1
-1.0,0.24512211442831028,0.9550000000000001,6.96221259116445e-05,5.73351639633454e-05,0.0003840662683302,2.252460249708488e-05,0.0001518882248107,0.0001993144853351,1.5016692374424527,0.963636363635642,-0.0363636363643579,0.4,1773793304.7979665,1
-1.0,0.24318348954779404,0.9550000000000001,5.32404492265736e-05,4.095368854529992e-05,0.0003676794408814,1.9248359742844152e-05,0.0001515391088837,0.0001993177502667,1.4565928882447237,0.672727272727393,0.2545454545438911,0.4,1773793307.7179375,1
1.0,0.16078444403207964,0.95,0.0007659023823443,0.0009313583424661,0.001801404659576,0.0001651754964979,0.0005069383049124,0.0008876183667218,1.367239036699118,0.8329776406080895,-0.1670223593919104,0.6,1773793346.0259984,0
-1.0,0.26092279448890915,0.9550000000000001,1.8427329777570972e-05,0.0001177418545674,0.0001791833947164,3.347826932708756e-05,0.0001331067683287,0.0001207991580913,0.7531029972749457,0.0932203389835211,0.9067796610164788,0.1052631578947368,1773793390.8643382,1
-1.0,0.26092279448890915,0.9550000000000001,1.8427329777570972e-05,0.0001177418545674,0.0001791833947164,3.347826932708756e-05,0.0001385312689639,0.0001960696415228,1.5062059945498911,0.0932203389835211,0.9067796610164788,0.4,1773793390.923425,1
3.0,0.26961272415917187,0.95,8.597809810307193e-05,0.0003849694020995,0.000372678565761,0.0001044163189194,0.0001434352137329,0.0001983359281655,1.850424369741915,0.5647668393782286,-0.2797927461143998,0.4,1773793445.440576,1
1.0,0.2654127241591719,0.95,8.597809810307193e-05,0.0003849694020995,0.000372678565761,0.0001044163189194,0.0001434352137329,0.0001983359281655,1.850424369741915,0.5647668393782286,-0.2797927461143998,0.4,1773793445.489257,1
1.0,0.30053137092628995,0.95,0.0006351926738224,0.0010682290134748,0.0012337349570572,0.0002711205158,0.0004931725231133,0.0008910784258174,1.7036190117555334,0.8876905041031864,0.0084407971865294,0.6,1773793452.745194,1
-1.0,0.11794537596873679,0.9550000000000001,0.0005704026561965,0.0005806103102403,-0.0001601219588923,0.0001188569596603,0.000391035122333,0.0005420329908751,1.0506168907328368,0.9260012154998504,0.0739987845001495,0.2,1773793519.0154076,0
1.0,0.3329051409892584,0.95,0.0008682956222141,0.0016604375647117,0.0021659421591587,0.0004976211256385,0.000535754497869,0.0011498486431915,1.1786523349773756,0.7705133712812003,-0.2294866287187996,0.1052631578947368,1773793532.434137,0
1.0,0.32937080300584176,0.95,0.0007495152531112,0.0015415631863243,0.0020470077888398,0.0004738671059514,0.0005325699963907,0.0009552760224143,2.277357072730047,0.6673021157769524,-0.1262753732145517,0.6,1773793532.4835076,0
2.0,0.2387856414342653,0.95,-0.0004068372954427,-0.0009043072945432,0.0008876890899363,-8.985380543008513e-05,0.0013651371561214,0.0017395936109819,-0.91479525376674,0.1420765027322411,0.6612021857922716,0.2,1773793589.2876256,1
4.0,0.2310551110500851,0.95,-0.0005405832224833,-0.0017653589259823,-0.0006255655902484,-0.0003885966318387,0.001369125921029,0.001724660729296,-1.031009607231756,0.8248587570621759,-0.0734463276836782,-0.2,1773793622.0544505,1
2.0,0.22895902654543632,0.95,-0.0006377667231545,-0.0018624233342838,-0.0007227408275686,-0.0004080343914701,0.0013713252548609,0.0017248284448265,-1.071482546518708,0.9152542372882118,0.0169491525423576,-0.2,1773793624.8816395,1
-1.0,0.1905246626162613,0.9550000000000001,0.0007764571156477,-0.0002653104980252,0.0014533356815463,2.7995200579155135e-05,0.0005480253742928,0.0007578517807802,0.8204144421621345,0.8027463124438277,-0.1711759432809555,0.0526315789473684,1773793671.9877443,1
-1.0,0.19065725683579948,0.9550000000000001,0.000782205216086,-0.0002595683811257,0.0014590876697319,2.9144258407814265e-05,0.0005598713448282,0.0009298663675218,1.6446963283629927,0.8103251568739652,-0.178754787711093,0.2,1773793672.043062,1
-2.0,0.19053919878866374,0.9524999999999999,0.0006907918768587,-0.0003508865627826,0.0013676125027812,1.0870219348424018e-05,0.0005535060951263,0.0009299513110332,1.5826579283828532,0.6897970825523196,-0.0582267133894474,0.2,1773793675.5671117,0
3.0,0.19000448651642335,0.95,0.0001796612488035,0.0011224912453612,0.0012529537511298,0.0002222839399997,0.0004262494835309,0.000560449952491,1.5971380946470604,0.7612973760932135,-0.0166909620994025,0.6,1773793726.7603085,0
3.0,0.10254128373154844,0.95,-0.000628220963414,-0.0017177470391464,-0.0033952116631758,-0.0006773009477424,0.00070881342146,0.0013169530579274,-1.6776003648178313,0.5235602094239991,-0.476439790576001,-1.0,1773793783.225405,1
1.0,0.09669448129899795,0.95,7.472449182241596e-05,6.44875999558842e-05,-0.0002077368148521,2.2519009114399557e-06,0.0001391875893432,0.0001647910173542,0.4805836962942566,0.5155279503103274,-0.4844720496896725,0.0526315789473684,1773793811.9305253,0
1.0,0.09579829651929614,0.95,6.653550641724265e-05,5.629869837420531e-05,-0.0002159234873586,6.141557998569702e-07,0.0001460269036798,0.0001891422032065,0.9360692735100714,0.4385964912282941,-0.3508771929839118,-0.2,1773793814.7735593,0
-3.0,0.19887437749620535,0.9537500000000001,0.0001713870242887,0.000471417095726,0.0007366300108411,0.0002506285572977,0.0005624441407636,0.0008991447448072,1.4202735907896362,1.0,0.0,0.2,1773793841.1029353,0
-1.0,0.20165629415537284,0.9550000000000001,0.000477018469692,0.0007771402240404,0.0010424341826723,0.0003117555861405,0.0005716411243741,0.0009216806744341,1.603199313006473,0.8157695897595332,0.1842304102404668,0.2,1773793868.201081,1
5.0,0.328343972566572,0.95,-0.0023298254151713,-0.0021052247296976,-0.0038266003389274,-0.0005495441765357,0.0013738567034455,0.0017759190637883,-1.7503220400503228,0.8321513002363987,0.1678486997636012,-0.2,1773793879.6316261,1
-1.0,0.1942975849916457,0.9550000000000001,0.0002734133218992,0.0015681529942975,0.0019411273372365,0.0003908576477344,0.0005055222301658,0.0009271674497726,0.8460186621374487,0.3166666666666376,-0.6626413838989933,0.1578947368421052,1773793955.3280354,0
-1.0,0.19561996358131495,0.9550000000000001,0.0003354264991748,0.0016302464405473,0.0020032439064882,0.0004032621947038,0.0005647066948286,0.0009333254434132,1.7247321549952783,0.3630152082873193,-0.6369847917126806,0.6,1773793955.4058244,0
4.0,0.4318150872485635,0.95,-0.001913910594775,-0.0039053470405742,-0.0036811010447025,-0.000949331994438,0.00142251976205,0.0018153697015825,-1.9359460321431008,0.9970059880239548,0.0029940119760452,0.2,1773793977.464686,1
-4.0,0.48653359829847387,0.95,-0.002243054455023,-0.0042338341748281,-0.0040096621296842,-0.0010152061550986,0.0014476101270432,0.0018333308683146,-2.026954890499255,0.9974226804123734,0.0025773195876266,0.2,1773793982.90656,1
1.0,0.44794015292001416,0.95,-0.0014750521144444,-0.0034673641949023,-0.0032430195980602,-0.0008615132657202,0.0013947346846466,0.0018450931381683,-1.8095210285373884,0.6083916083915902,-0.3869463869464093,0.2,1773794006.793323,1
6.0,0.1666839566677816,0.95,0.0001776280346258,0.0007147035401953,0.0004406248959625,0.0001663570334509,0.0003682706740836,0.0005315210340394,1.850658675157316,0.542011305208602,-0.457988694791398,0.2,1773794054.0558918,0
-2.0,0.23501646114157027,0.9524999999999999,0.0003650029664717,0.0003449100626473,0.0007076941638644,0.000169686983713,0.0003717184796954,0.0005180267480946,0.9815042318526374,0.7572802322415932,-0.0982037557834842,0.0526315789473684,1773794111.1708548,1
-2.0,0.23598774783068804,0.9524999999999999,0.0003772261466988,0.0003571329973648,0.0007199215313394,0.0001721312307958,0.0003762272351178,0.0005367588587039,1.9837010344932864,0.7808672775106331,-0.1217908010525241,0.2,1773794111.2297602,1
5.0,0.4632152784100922,0.95,-0.0008986648408079,-0.0038582974729065,-0.0058458543707038,-0.0010111149373914,0.0011443251702799,0.001739045862826,-2.2968175953872407,0.4115523465704359,0.4151624548735997,-0.6,1773794119.27547,0
1.0,0.4277596036965018,0.95,-0.0011798796889519,-0.0041386792797844,-0.0061256767443276,-0.0010673479456605,0.001157689154618,0.0017466224824653,-2.369601991951044,0.5351170568562313,0.4648829431437687,-0.6,1773794119.3311985,0
2.0,0.1496071771566532,0.95,-0.0018891017454235,-0.0017934880948578,-9.862274667012049e-05,-0.0002018573002038,0.0009714617609756,0.0015189120403172,-1.8181197009014505,1.0,0.0,0.2,1773794180.7408931,1
-1.0,0.15412964421986058,0.9550000000000001,0.0003026650247786,0.0003017480087969,0.0002816563754845,5.160377456544663e-05,0.0003433040391253,0.0004991093974637,1.63892295453475,0.9620483596498416,-0.0379516403501583,0.2,1773794216.5924113,0
1.0,0.20893901458670353,0.95,-0.0002772379634738,-0.0006342218657315,-0.001336788033883,-0.0004507045855195,0.0009617218400857,0.00111725884941,-0.8842435363712018,0.3651551312649594,-0.2291169451074042,-0.1052631578947368,1773794252.8281264,1
1.0,0.2088934115649769,0.95,-0.000287900962069,-0.0006448810567522,-0.0013474397313641,-0.0004528365414582,0.0009739532156732,0.0015158449372449,-1.774871099075526,0.3747016706444256,-0.2195704057279381,-0.2,1773794252.8777509,1
-1.0,0.06789209701209355,0.9550000000000001,-3.378513269877966e-05,-3.583264312822505e-05,0.0001638390772583,2.5799233639930494e-05,0.0001356943110639,0.0001999694791934,-0.6636989575268442,1.0,0.0,0.2,1773794279.1844175,0
3.0,0.11615482570338531,0.95,8.086656198361112e-05,-1.6376445349228158e-05,0.0004054880140404,3.818237951771644e-05,0.0001416221411593,0.0002012611901032,0.7753427981250401,1.0,0.0,0.6,1773794320.0979571,0
-1.0,0.11088277699650259,0.9550000000000001,9.622097248699575e-05,-1.0235278341638534e-06,0.0004208474085118,4.125322169240055e-05,0.0001421264931715,0.0002029819382706,0.8562123139008658,0.7848101265824242,0.2151898734175757,0.6,1773794324.1600235,0
-2.0,0.0607519112757733,0.9524999999999999,0.0001238589113926,2.66117236925423e-05,0.0004484943185599,4.678069007763677e-05,0.0001432482966829,0.0002092250694512,0.999439480881421,0.4564102564097876,0.5435897435902124,0.6,1773794356.6435382,0
2.0,0.17439765499590149,0.95,-0.0007466945432629,-0.000789329123578,-0.0030172413793103,-0.0002298486465327,0.0009583298339796,0.0009020405331113,-0.8782448480578433,0.686390532544405,0.1005917159762366,-0.1052631578947368,1773794392.6480532,0
2.0,0.17614111952826478,0.95,-0.0009813699711456,-0.0010239945386958,-0.0032513835674755,-0.0002767912903007,0.0010032966084958,0.0015232358801428,-1.8731349063235352,0.8205128205128713,0.1794871794871286,-0.6,1773794392.696538,0
-2.0,0.1333130371202558,0.9524999999999999,0.0003855413163879,0.0002843767480346,-8.592668515673461e-05,-1.953746365024782e-05,0.0003022221854986,0.0004766415002211,0.740994315270761,0.7389726942907889,-0.0352831349585346,-0.2,1773794488.9696076,0
-3.0,0.21119856531990175,0.9524999999999999,-0.0003226116076189,-0.0001146709477154,-0.0001573324942267,-0.0001823609018226,0.0009411770831397,0.0014791020164889,-1.2174045659448487,0.1885964912281812,-0.5570175438595922,-0.2,1773794512.0482793,0
-1.0,0.2058741163105229,0.95,-0.0004852505172449,-0.0002773436874976,-0.0003199982933423,-0.0002148942512321,0.0009448436670976,0.0014793426928164,-1.312658322584377,0.456140350877137,-0.2894736842106365,-0.2,1773794514.7329993,0
-2.0,0.20894084194241602,0.9524999999999999,-0.0003466075123178,-0.0001386718437488,-0.0001813323662273,-0.0001871607711023,0.0009416259804174,0.0014791375211861,-1.231582167306565,0.2280701754385685,-0.517543859649205,-0.2,1773794524.369312,0
-1.0,0.15510414919849405,0.95,-0.0006105624640061,-0.0004026817001168,-0.0004453309582349,-0.0002399623738997,0.0009164460024446,0.0007549988661677,-0.6923372726262306,0.5335689045937304,-0.2614840989398589,-0.1052631578947368,1773794533.213336,0
-1.0,0.15510414919849405,0.95,-0.0006105624640061,-0.0004026817001168,-0.0004453309582349,-0.0002399623738997,0.0009486605517865,0.0014872508816159,-1.3846745452524611,0.5335689045937304,-0.2614840989398589,-0.2,1773794533.2640266,0
-4.0,0.20927040803672559,0.95,0.0009586844992515,0.0012440959759047,0.0032876830607968,0.0006077270642442,0.0007333742279631,0.0010717327195025,1.8561918204970749,0.875116364354533,0.0062343084431747,0.6,1773794651.8604074,1
-2.0,0.20433373396201074,0.9524999999999999,0.0009220920746855,0.0012074931174435,0.003251005494151,0.0006004120113852,0.0007309004983638,0.0010717719006725,1.828298706445631,0.8416598493610367,0.0396908234366711,0.6,1773794654.630095,1
-3.0,0.21074045125805757,0.9537500000000001,0.0011135389502603,0.0013989945818203,0.0034428978221752,0.0006386822450131,0.0007447998823849,0.0010799157352212,1.9711751298354845,0.8877968272737847,0.0085969060991009,0.6,1773794663.1903892,1
-2.0,0.20119013000516323,0.9524999999999999,0.0007855029823135,0.0010708650783146,0.0031140985906599,0.0005731060578895,0.0007188374572982,0.0012515515295881,0.8608783112899108,0.6258991033600575,0.2704946300128282,0.0526315789473684,1773794673.0359726,1
-2.0,0.20246661985968908,0.9524999999999999,0.0008406693019795,0.0011260471280012,0.0031693932695491,0.0005841347093545,0.0007257143962206,0.0010802101639309,1.7652464394941665,0.6699428515126004,0.2264508818602853,0.6,1773794673.0994008,1
-3.0,0.1855274626036774,0.9524999999999999,-0.0020516373131544,-0.0019479256324096,-0.0014530039857631,-0.0002689556417777,0.001029693202914,0.0015467394389749,-2.034192697688545,0.982779827798238,0.017220172201762,-0.2,1773794728.332029,1
1.0,0.27439915536584447,0.95,0.0011727176059547,0.0020190225984578,0.001403939539435,0.0003043919937007,0.0013649812449532,0.0019973857979576,1.6516203738079582,0.8237547892720971,0.0842911877394772,0.2,1773794948.6625092,1
1.0,0.27796575555998493,0.95,0.0014947592283153,0.0023413364470068,0.0017260555376603,0.0003687705420987,0.0013814435765708,0.0020101551954768,1.7555239556639033,0.8844884488449135,0.0363036303630786,0.2,1773794951.8089411,1
1.0,0.27796575555998493,0.95,0.0014947592283153,0.0023413364470068,0.0017260555376603,0.0003687705420987,0.0013744566043957,0.0018383579762287,0.8777619778319516,0.8844884488449135,0.0363036303630786,0.0526315789473684,1773794954.5854156,1
1.0,0.23576483327684838,0.95,0.0008431549767374,0.002558104207808,0.0034055802865553,0.0006688873889841,0.0012760091917313,0.0019789953440657,1.75208067812878,0.748936170212791,0.2510638297872089,0.6,1773795064.804663,0
1.0,0.23699847162467463,0.95,0.0011525139969792,0.0028679933161172,0.0037157313483666,0.0007307536838118,0.0012886787989155,0.0019850804858456,1.836493987366548,0.8867187500000118,0.1132812499999882,0.6,1773795075.783671,0
2.0,0.15247500646931228,0.95,-0.0004643471919439,-0.0018346180321985,-0.0035033954450095,-0.0007370018234816,0.0008048804243201,0.0008864991268486,-0.6797906169625978,0.5861888477912459,-0.2598576313768684,-0.2631578947368421,1773795185.6667924,0
2.0,0.15247500646931228,0.95,-0.0004643471919439,-0.0018346180321985,-0.0035033954450095,-0.0007370018234816,0.0008079869759946,0.0011627374268962,-1.3595812339251956,0.5861888477912459,-0.2598576313768684,-1.0,1773795185.7743344,0
-1.0,0.15069185779696442,0.9550000000000001,-0.0007038177607019,-0.0020737603089775,-0.0037421379130623,-0.000784894037652,0.000817047226612,0.001163928014176,-1.518557679793145,0.84003011842018,-0.0089670750906817,-1.0,1773795202.557045,0
-1.0,0.22073679436894442,0.9550000000000001,0.0007954869776959,-0.0010485928853275,0.0004127666290319,-0.0002415602607879,0.0014047502800834,0.0019901704993629,1.1000792531753214,0.7573964497041014,0.1834319526628182,0.6,1773795227.4552982,0
2.0,0.22166700200042438,0.95,0.0009412250499456,-0.0009031233521029,0.0005584489686903,-0.0002124211765705,0.0014094838305201,0.0019898807284904,1.1450459432732094,0.8994082840236288,0.0414201183432908,0.6,1773795227.5209942,0
2.0,0.2220842014643244,0.95,0.0008805008531749,-0.0009637356576131,0.0004977479938327,-0.0002245622553333,0.0014074169295716,0.0019900014560986,1.1263565099020447,0.8402366863905485,0.1005917159763711,0.6,1773795227.582378,0
-2.0,0.15707370661370273,0.9524999999999999,-0.0008770737195123,-0.0003334160205064,-0.0003147506001599,-6.401089038609281e-06,0.0008566733300114,0.0014958871529245,-1.046852285703748,0.6914700544464808,0.3085299455535192,0.2,1773795454.0745637,1
-1.0,0.15604540521432708,0.95,-0.0009143960054491,-0.0003707586148032,-0.0003520938917044,-1.3869129824135072e-05,0.0008587247717286,0.0014979091626089,-1.096348992920685,0.6991150442478247,0.3008849557521753,0.2,1773795454.1408708,1
-1.0,0.1048903732803694,0.95,-0.0008770737195123,-0.0003334160205064,-0.0003147506001599,-6.401089038609281e-06,0.0008533228256041,0.0014701880026254,-0.523426142851874,0.6914700544464808,0.3085299455535192,-0.0526315789473684,1773795454.213973,1
-1.0,0.1048903732803694,0.95,-0.0008770737195123,-0.0003334160205064,-0.0003147506001599,-6.401089038609281e-06,0.0008566733300114,0.0014958871529245,-1.046852285703748,0.6914700544464808,0.3085299455535192,0.2,1773795454.3447733,1
-2.0,0.10707370661370275,0.9524999999999999,-0.0008770737195123,-0.0003334160205064,-0.0003147506001599,-6.401089038609281e-06,0.0008566733300114,0.0014958871529245,-1.046852285703748,0.6914700544464808,0.3085299455535192,0.2,1773795454.4299288,1
1.0,0.10625369894565613,0.95,0.0004836876456065,0.0008912688025244,0.0001271178543285,0.0001434142796615,0.0003611477311522,0.0004924251369064,0.8173796687079927,0.9366278325439522,0.0633721674560478,0.2,1773795612.379275,1
1.0,0.10625369894565613,0.95,0.0004836876456065,0.0008912688025244,0.0001271178543285,0.0001434142796615,0.0003556071566189,0.0005503278041316,0.4086898343539963,0.9366278325439522,0.0633721674560478,0.1578947368421052,1773795612.504725,1
1.0,0.10625577904183928,0.95,0.0004897262516604,0.0008973098686104,0.0001331543082388,0.0001446218932305,0.0003615757948979,0.0004924221648005,0.8253805457821574,0.9475952716256182,0.0524047283743817,0.2,1773795612.6542685,1
2.0,0.24444776609034383,0.95,-0.0015589034088834,0.0005431035008817,0.0003233501516084,0.0004468275245754,0.001536944987989,0.0022209895874461,-1.3565866480273556,0.7988980716253954,-0.2011019283746045,-0.2,1773795755.6400878,0
2.0,0.24444776609034383,0.95,-0.0015589034088834,0.0005431035008817,0.0003233501516084,0.0004468275245754,0.0015296594414115,0.0022139276173746,-0.6782933240136778,0.7988980716253954,-0.2011019283746045,-0.1052631578947368,1773795755.6933002,0
2.0,0.24347535400412781,0.95,-0.0012361616875129,0.0008665246868001,0.0006467003032171,0.0005114107377968,0.0015214209754359,0.0022202718942586,-1.221671758013665,0.6528925619834622,-0.3471074380165377,-0.2,1773795755.7534988,0
2.0,0.09516989640428299,0.95,0.0003304943105684,0.0003898739766806,0.0011764293315525,0.0001762110868925,0.0003589766911495,0.0005026638836326,1.1127040983980607,0.9429695181906558,0.0570304818093441,0.6,1773795775.516618,0
2.0,0.09489076644360155,0.95,0.0002669928101224,0.0003263687067825,0.0011128741307111,0.0001635128422627,0.0003561844364285,0.0005026957950234,1.018923744265016,0.7460213409083747,0.2539786590916253,0.6,1773795786.5217564,0
-1.0,0.1626223178261252,0.9550000000000001,0.0002330334657161,-0.0001764753376361,0.0002985658087971,6.701047425944306e-05,0.0003424234639239,0.0004855688754188,1.27805954884577,0.7299713994541929,-0.0817909858970026,-0.2,1773795972.8100984,0
-1.0,0.1628640969264875,0.9550000000000001,-0.0001436679723404,-0.0005530225490775,-7.816030963592661e-05,-8.32499716494939e-06,0.0003398264754098,0.00048855402257,0.5304789395249385,0.2828288607884889,0.7171711392115111,-0.6,1773795987.4812372,0
-1.0,0.11233034328158414,0.95,-0.0011982239523142,-0.0026177692475887,0.0015308425122895,-0.0002323960027887,0.0017319498539506,0.0022695170938129,-0.5163259305055894,0.9251336898395144,-0.0748663101604856,0.2,1773796010.1402764,0
-1.0,0.11077709951601307,0.95,-0.0010279180098533,-0.0024477053521537,0.0017016137885608,-0.0001983207223254,0.0017261796947148,0.0022691301838536,-0.4400431266457618,0.7754010695186646,-0.2245989304813354,0.2,1773796010.1987333,0
-2.0,0.0936925650573753,0.9524999999999999,7.26371691555087e-05,0.0001104945243824,-0.0001820580744802,1.0128289622429452e-05,0.0001279107545856,0.0001848909724748,1.1073406753282304,0.8865979381455286,-0.1134020618544714,-0.2,1773796130.3983536,0
-2.0,0.0936925650573753,0.9524999999999999,7.26371691555087e-05,0.0001104945243824,-0.0001820580744802,1.0128289622429452e-05,0.0001279046803906,9.922948813945172e-05,0.5536703376641152,0.8865979381455286,-0.1134020618544714,0.1052631578947368,1773796130.4559677,0
-2.0,0.09317796003698754,0.9524999999999999,6.752187555307623e-05,0.0001053790371425,-0.0001871720653363,9.10523937982513e-06,0.0001277631663768,0.0001848919181825,1.075686897473756,0.8350515463936665,-0.0618556701026094,-0.2,1773796130.5139186,0
-2.0,0.09190772136490845,0.9524999999999999,5.524517090697778e-05,9.310186776668616e-05,-0.0001994456433912,6.649910256899702e-06,0.0001274523506835,0.0001848941879206,0.998981974684818,0.7113402061865723,0.0618556701044847,-0.2,1773796135.9523306,1
-2.0,0.14295176504649723,0.9524999999999999,6.547575811202881e-05,0.0001033328422465,-0.0001892176616788,8.696018696648533e-06,0.0001277071028383,0.0001848922964683,1.0629741309923122,0.8144329896921716,-0.0412371134011145,-0.2,1773796152.5400584,1
-2.0,0.14541837524356147,0.9524999999999999,9.00291674040396e-05,0.0001278871809982,-0.0001646705055691,1.3606644789636436e-05,0.0001284914812403,0.0001858030430672,1.2135487169436563,0.9035087719308604,-0.0964912280691396,-0.2,1773796155.2694187,1
-3.0,0.17589908962104475,0.9524999999999999,-0.0005317130780041,-0.0016067687133839,-0.0008867639792197,-0.0003234745277832,0.000826312463277,0.0015350636826304,-1.686809565287966,0.3679245283019286,0.5817610062893095,-0.2,1773796274.5246196,0
-3.0,0.17589908962104475,0.9524999999999999,-0.0005317130780041,-0.0016067687133839,-0.0008867639792197,-0.0003234745277832,0.000817945076807,0.0008501241769434,-0.843404782643983,0.3679245283019286,0.5817610062893095,-0.1578947368421052,1773796274.585969,0
1.0,0.1720275048190972,0.95,-0.0003954449022342,-0.0014706471114195,-0.0007505442113275,-0.0002962208733948,0.0008222789680853,0.0015348544195506,-1.5591257261509677,0.2075471698114286,0.4213836477988096,-0.2,1773796277.3349288,0
1.0,0.2414396355840469,0.95,0.0010446727103863,0.0027942772135039,0.0031263822003939,0.0006562085861053,0.000681165094228,0.0009328188888129,2.7796901554255777,0.8315823933812219,0.1684176066187781,0.2,1773796314.8622665,0
-1.0,0.11904616009550234,0.9550000000000001,0.0001432314446222,0.0001422082173843,0.0001074197369956,1.534550088362199e-06,0.0001224804127676,0.0001833207611004,1.3261704538334358,0.7575757575759247,-0.0779220779230085,0.2,1773796438.6630452,1
-4.0,0.12486058960027757,0.95,0.0001278852184126,0.000126862006875,9.20740602818731e-05,-1.5345547980273831e-06,0.0001215831881302,0.0001833235740225,1.237094777438238,0.6926406926402154,-0.0129870129872993,0.2,1773796443.9635136,1
-4.0,0.1247124149146973,0.95,0.0001309544636545,0.0001299312489769,9.514319562467044e-05,-9.207323136358668e-07,0.0001200584160153,0.0002363009389637,0.6275249637703842,0.7056277056275148,-0.0259740259745986,0.1052631578947368,1773796444.039857,0
-4.0,0.1247124149146973,0.95,0.0001309544636545,0.0001299312489769,9.514319562467044e-05,-9.207323136358668e-07,0.0001217550179545,0.0001833230114312,1.2550499275407685,0.7056277056275148,-0.0259740259745986,0.2,1773796444.096761,0
-1.0,0.07016780674592069,0.9550000000000001,9.821584774097882e-05,9.71926665576125e-05,6.240575196890988e-05,-7.46821099719384e-06,0.0001201224561024,0.0001833290125834,1.0600866346942184,0.5670995670994716,0.1125541125534444,0.2,1773796460.4270854,1
1.0,0.2601307942472074,0.95,0.0013614893591178,0.001367694269079,0.0016895906579689,0.0001447465329946,0.0007413595663768,0.001033308589394,2.301125278135485,0.927441015632572,0.072558984367428,0.2,1773796580.4850273,0
1.0,0.2603133691391539,0.95,0.0013733581527791,0.0013795631362849,0.0017014633405022,0.000147119330466,0.0007425108706389,0.0010332963420875,2.308037551517811,0.9348804854012268,0.065119514598773,0.2,1773796583.253138,0
-5.0,0.26693769876011336,0.9550000000000001,0.0012525430817171,0.0012587473165955,0.0015806086837539,0.0001229655749833,0.0007035710401661,0.001593385879875,1.1182714018729445,0.8591524801452868,0.1408475198547132,0.1052631578947368,1773796583.3139758,0
-5.0,0.266446159266316,0.9550000000000001,0.0012221158106943,0.001228319857031,0.0015501714430776,0.0001168822686266,0.0007284655793721,0.0010334524294895,2.2181383323640818,0.8400803849200831,0.1599196150799169,0.2,1773796588.4998062,0
1.0,0.08684423520925155,0.95,0.0001043270140482,0.0002311852540634,0.0004092502841731,8.592355340539033e-05,0.000124478182137,0.0001853253040414,2.0204741541304427,0.575949367088542,-0.3227848101267352,0.6,1773796620.813396,1
-1.0,0.1282181093554648,0.95,-0.0004441956407978,-0.0021079360450989,-0.0018775291958827,-0.0002846441765329,0.0015131309293183,0.0020332503393823,-0.6892997622728309,0.8837209302326197,-0.1162790697673803,-0.6,1773796780.2393997,1
-1.0,0.1284432866795598,0.95,-0.0004746199997565,-0.0021383097633279,-0.0019079099272076,-0.0002907280853061,0.0015136170229793,0.0020333122290946,-0.7106843783838218,1.0,0.0,-0.6,1773796780.2952547,1
2.0,0.12987233015740646,0.95,-0.0003833469228804,-0.0020471886086407,-0.0018167677332328,-0.0002724765810028,0.0015122549226745,0.0020331265712598,-0.6463784565301696,0.5599999999999454,-0.1599999999993997,-0.6,1773796783.6251156,1
-6.0,0.13858748101309226,0.9524999999999999,-0.0004137712818391,-0.0020775623268698,-0.0018471484645578,-0.0002785603417655,0.0015125564385926,0.0004078551688033,-0.3339319882545545,0.4925373134326737,-0.2985074626862632,-0.1578947368421052,1773796786.512413,1
2.0,0.15890378018378032,0.95,0.0008345868271064,0.0006530230150539,0.00071138774683,-8.762144567192957e-05,0.00076149728408,0.001081492633321,1.3691279114285202,0.7738133367497646,0.1169047466529897,0.2,1773796817.377444,0
-6.0,0.16738711351711366,0.9524999999999999,0.0008345868271064,0.0006530230150539,0.00071138774683,-8.762144567192957e-05,0.00076149728408,0.001081492633321,1.3691279114285202,0.7738133367497646,0.1169047466529897,0.2,1773796817.4398205,0
1.0,0.09011047161427271,0.95,0.0001083836823253,0.0001390625750911,-7.565015687200921e-05,-1.2269228590663646e-05,0.000148890082035,0.0002180352964276,1.2810266317420496,1.0,0.0,0.6,1773797820.1750124,1
1.0,0.09011047161427271,0.95,0.0001083836823253,0.0001390625750911,-7.565015687200921e-05,-1.2269228590663646e-05,0.0001483184315517,9.508103869373704e-05,0.6405133158710248,1.0,0.0,0.1578947368421052,1773797820.239323,1
-7.0,0.10487729344428498,0.9537500000000001,7.975403039044249e-05,0.0001104320449253,-0.0001042745405531,-1.7994971632342276e-05,0.0001479350064988,0.0002180415382044,1.1849079610536133,0.6989247311835528,0.3010752688164472,0.6,1773797823.1907058,1
3.0,0.14312692358373388,0.95,8.894232243728353e-05,0.0002566467416089,6.236020069767592e-05,7.238682044571803e-05,0.0001498066262519,0.0002203722644934,1.5935965025061534,0.5982142857139232,0.0982142857147352,0.6,1773797868.5342023,1
-1.0,0.13924288244442964,0.9550000000000001,7.360743925846078e-05,0.0002413092869311,4.702572511633203e-05,6.931979491156568e-05,0.0001493681073731,0.0002203756436276,1.5487895052203502,0.4642857142857723,0.2321428571428861,0.6,1773797868.7379713,1
2.0,0.10477273621407472,0.95,0.0001103967126312,0.0003997926395209,0.000430480471422,0.0001107168378535,0.0001505534768247,0.0002229745918704,1.806111620009071,0.560975609756341,-0.353658536585447,1.0,1773797958.7362869,0
2.0,0.10477273621407472,0.95,0.0001103967126312,0.0003997926395209,0.000430480471422,0.0001107168378535,0.0001445958195728,0.0001676209477124,0.9030558100045356,0.560975609756341,-0.353658536585447,0.2631578947368421,1773797958.799829,0
2.0,0.10478667476232785,0.95,0.0001134632879821,0.0004028601022283,0.0004335480282255,0.0001113301592481,0.0001506734220016,0.0002232966689634,1.8137658541069348,0.5588235294119536,-0.3235294117641394,1.0,1773797961.8597043,0
1.0,0.10268667476232786,0.95,0.0001134632879821,0.0004028601022283,0.0004335480282255,0.0001113301592481,0.0001506734220016,0.0002232966689634,1.8137658541069348,0.5588235294119536,-0.3235294117641394,1.0,1773797961.9535563,0
4.0,0.35445323811682494,0.95,0.0013054435788494,0.0009303842970463,0.0027538705499267,4.106617451675159e-05,0.0013800930439775,0.0019165382991572,1.3666868901706164,0.9266055045871204,-0.0733944954128794,0.2,1773798023.8673313,1
1.0,0.3472148627205952,0.95,0.0012268752153076,0.0008518453628801,0.0026751885342146,2.5364800179745855e-05,0.0013762940178351,0.0019166886939194,1.351028951471568,0.8669724770642407,-0.0137614678899996,0.2,1773798026.8850079,1
-1.0,0.2437088372767563,0.9550000000000001,0.0001049197121825,0.0006012596754824,0.0004548737976183,0.0001565748568876,0.0003255149043705,0.0005083181041337,1.8100138587167085,0.456491190141359,-0.3348827153818858,-0.2,1773798099.7454755,0
-1.0,0.2437088372767563,0.9550000000000001,0.0001049197121825,0.0006012596754824,0.0004548737976183,0.0001565748568876,0.000315858566135,0.000108570358175,0.905006929358354,0.456491190141359,-0.3348827153818858,0.1052631578947368,1773798099.8402,0
-1.0,0.24682200609266358,0.9550000000000001,0.0001404602523424,0.0006368178539821,0.0004904267740306,0.0001636836877985,0.0003262191742132,0.0005104661947329,1.870921395725364,0.5683492710453595,-0.2052829597109956,-0.2,1773798105.0452964,0
-1.0,0.25049125781378456,0.9550000000000001,0.000182667578107,0.0006790461267314,0.0005326488688717,0.0001721258801225,0.0003273175188251,0.0005117738139648,1.9415466314597996,0.7274983232731101,-0.2725016767268898,-0.2,1773798105.1305153,0
5.0,0.3432049174240447,0.95,0.0006737125773716,0.0042317118813913,0.0042014016745241,0.0014323695019186,0.0014383393239261,0.0020308503216804,1.6318868663316353,0.9084967320260768,-0.0915032679739232,0.6,1773798167.2525363,1
2.0,0.34094836863560285,0.95,0.0012391499190943,0.0047991596943026,0.0047688323604513,0.001545482371258,0.0014579940092537,0.002060058857921,1.725678308958955,0.9357429718875176,-0.0481927710843846,0.6,1773798173.8590236,1
-2.0,0.35655684776250474,0.9550000000000001,0.0019931320990322,0.0052580542187904,0.0087210883531467,0.001828834116747,0.0015186650242038,0.0021143575758646,1.9611320386890756,0.8841309823677498,-0.1158690176322501,1.0,1773798241.7907257,0
-2.0,0.35655684776250474,0.9550000000000001,0.0019931320990322,0.0052580542187904,0.0087210883531467,0.001828834116747,0.0012221178043109,0.002378612855294,0.9805660193445376,0.8841309823677498,-0.1158690176322501,0.2631578947368421,1773798241.8736722,0
-2.0,0.3602028635428615,0.9550000000000001,0.0023713469250534,0.0056375014304558,0.0091018427303111,0.0019044652403523,0.0015470045135482,0.00213341873733,2.015629998084769,0.899999999999995,-0.1000000000000049,1.0,1773798246.0503688,0
6.0,0.22306357683279676,0.95,-0.0014319809069212,-0.0008623320110909,-0.0003079569709777,2.8397781257468714e-05,0.0009821549527385,0.0014291424865541,-1.3080299420142278,0.7019867549669307,0.2980132450330692,-0.2,1773798325.5445218,0
3.0,0.21853648855090546,0.95,-0.0012145319543887,-0.0006447590113694,-9.026325011419507e-05,7.192022216184468e-05,0.0009666125665662,0.0014288313431238,-1.191723439518165,0.5662251655629293,0.1622516556290677,-0.2,1773798331.666821,0
-3.0,0.21517251667046616,0.9524999999999999,-0.0010988865147513,-0.0012208359541496,-0.0007514325011815,-0.0003062873304272,0.0009336710895316,0.0014121107552435,-1.5655563286650596,0.5942492012779752,-0.0287539936102691,-0.2,1773798381.7121136,1
-3.0,0.21517251667046616,0.9524999999999999,-0.0010988865147513,-0.0012208359541496,-0.0007514325011815,-0.0003062873304272,0.0009178476220996,0.0016634292683834,-0.7827781643325298,0.5942492012779752,-0.0287539936102691,-0.1052631578947368,1773798381.7849612,1
-3.0,0.2192714573091278,0.9524999999999999,-0.0005255544200984,-0.0006475738539402,-0.0001779009808451,-0.0001916066723706,0.0009070411190499,0.0014113007211093,-1.277805308286809,0.2492012779553268,-0.3738019169329175,-0.2,1773798384.6544714,1
-1.0,0.32164165767647196,0.9550000000000001,0.0007178922683002,0.0033770611769927,0.0042264005955382,0.0006892743874979,0.0014650182729236,0.0021074530463992,1.7291280744698343,1.0,0.0,0.6,1773798466.4816194,1
-1.0,0.3279031036328418,0.9550000000000001,0.001734906315059,0.0043967776958005,0.0052469802848017,0.0008927010463342,0.0015091618948617,0.0021587478005478,1.886394424970436,1.0,0.0,0.6,1773798474.1841154,1
1.0,0.16786704562369315,0.95,-0.0001436258068977,-0.0023513238802682,-0.0031211880137894,-0.0006578108395324,0.0009205683391117,0.0013687013451942,-1.6935532199551342,0.4303030303030286,0.5696969696969714,-0.6,1773798521.5000038,0
1.0,0.1678118816752793,0.95,-0.0001383063325682,-0.0023460161514189,-0.0031158843808008,-0.0006567474423512,0.0008543443898954,0.0004389173372348,-0.8456119869361954,0.4181818181818282,0.5575757575757709,-0.1578947368421052,1773798521.5680418,0
1.0,0.1701509269483378,0.95,-0.0004042800490455,-0.0026114025938871,-0.0033810660302307,-0.0007099200702268,0.0009246418725838,0.0013827824400354,-1.8055829166837607,0.6425855513307925,0.3574144486692074,-0.6,1773798524.562565,0
1.0,0.14358834269035495,0.95,0.0006052671273351,0.0008630109136199,0.0012547768286346,0.0002382316223988,0.0002923833588607,0.0005080235419949,2.650083248060878,0.8581888173911345,0.1208272790746623,1.0,1773798609.0861776,1
1.0,0.1439914175401919,0.95,0.000713979414747,0.0009717512039992,0.0013635596830199,0.0002599691366833,0.0003050186233732,0.0005093923586317,2.776904299798566,0.9899459322617324,-0.0100540677382676,1.0,1773798613.0077991,1
-1.0,0.1177929155885562,0.9550000000000001,1.2262816687136852e-05,0.0002504254677588,0.000232022593072,7.880003188792313e-05,0.0001141349552872,0.0001729143517298,1.7177612494330152,0.4,-0.1749999999994315,0.6,1773798669.4350617,1
-1.0,0.1177929155885562,0.9550000000000001,1.2262816687136852e-05,0.0002504254677588,0.000232022593072,7.880003188792313e-05,0.0001121586458413,8.175110874933806e-05,0.8588806247165076,0.4,-0.1749999999994315,0.2105263157894736,1773798680.987884,1
-1.0,0.1177929155885562,0.9550000000000001,1.2262816687136852e-05,0.0002504254677588,0.000232022593072,7.880003188792313e-05,0.0001141349552872,0.0001735059715958,1.7177612494330152,0.351648351648088,-0.0329670329657589,0.6,1773798685.5816653,0
-1.0,0.4621922357044716,0.9550000000000001,0.0002456790261962,0.0009380203411517,0.0011958498406304,0.0002674585051598,0.0002552311507225,0.0004907222969747,2.2232724061877063,0.9351856310488929,-0.0648143689511072,1.0,1773798707.8701155,0
2.0,0.26694530768043373,0.95,-0.001053387598755,0.0001864359832101,-0.0026875866428005,-0.0001117741268444,0.0008601745887143,0.0013715206388208,-1.873336631089329,0.7329650092081286,0.2670349907918714,-0.2,1773798748.0526807,0
2.0,0.4226024285305319,0.95,9.15519838643717e-05,0.0007217632548291,0.0014014866709128,0.000332321319982,0.0002779882048371,0.0004868250645422,2.25541219975704,1.0,0.0,1.0,1773798761.113423,0
1.0,0.26544387515825635,0.95,-0.0005403793835947,-0.0011306679720339,-0.0013777438513525,-6.175471771438627e-05,0.0008506348676337,0.0013838500272158,-1.8175070755390148,0.3687943262411202,-0.3096926713948923,-0.2,1773798806.1998992,1
1.0,0.20592869620374474,0.95,8.683703752877572e-05,0.0003668614745378,0.000607153370621,0.0001019707117228,0.0001043440448424,0.0001001093030144,1.1675162869525126,0.8979591836730527,0.1020408163269473,0.3684210526315789,1773798822.193713,1
-2.0,0.2142387374838081,0.9524999999999999,0.0001164637915093,0.0003964965240131,0.000636795538547,0.0001078962259003,0.0001171264487694,0.0001727936458389,2.4194085095664017,0.943548387096999,0.056451612903001,1.0,1773798825.1495564,1
-2.0,0.19917753166009353,0.9524999999999999,4.699416148615224e-05,0.000327007442485,0.0005672897654792,9.400180606079432e-05,0.0001145467340861,0.0001731282484061,2.215478838075347,0.37692307692312,0.62307692307688,1.0,1773798851.4458857,1
2.0,0.23596345516602196,0.95,5.5630868519103554e-05,0.0001742010413837,3.0814143532456496e-05,0.0001106278028442,0.0002565223011629,0.0001146883485013,0.7303244422498747,0.3861477168246982,0.013790989886384,0.2105263157894736,1773799014.3239546,1
1.0,0.2348213111398008,0.95,1.292351473815306e-05,0.0001314886240661,-1.1892150450797778e-05,0.0001020862136506,0.0002821128324935,0.0004885459568088,1.4174468487450511,0.013790989886384,0.3861477168246982,0.6,1773799014.3873627,1
1.0,0.1777235190115036,0.95,0.0001715471153343,0.0005744327340533,0.0009343002843879,0.000163112406509,0.0002939815852687,0.0004991002486387,1.6914852433468388,0.8070641077993849,-0.1929358922006152,1.0,1773799064.633978,0
-2.0,0.18001445598368582,0.9524999999999999,0.0001664285785734,0.0005693121354612,0.0009291778441165,0.0001620886608209,0.000293826688628,0.0004991028028765,1.686875339460634,0.7847590853412539,-0.1706308697424843,1.0,1773799064.7056487,0
2.0,0.2298235190115036,0.95,0.0001715471153343,0.0005744327340533,0.0009343002843879,0.000163112406509,0.0002939815852687,0.0004991002486387,1.6914852433468388,0.8070641077993849,-0.1929358922006152,1.0,1773799064.7635374,0
-2.0,0.17796604264372176,0.9524999999999999,0.000275557656381,0.0006784851722639,0.0010383901461972,0.0001839148395954,0.0002981152979245,0.000504521082202,1.783708177971606,0.8672379881991645,-0.1327620118008354,1.0,1773799070.2486556,0
2.0,0.20138787283685358,0.95,-0.0004369686102001,-0.002398610826723,-0.0021067135534565,-0.0005797913177182,0.0008695676582782,0.0013375738005011,-1.7072330036584518,0.6366459627330153,-0.2391304347826179,-0.6,1773799152.5216863,0
3.0,0.20348787283685357,0.95,-0.0004369686102001,-0.002398610826723,-0.0021067135534565,-0.0005797913177182,0.0008429714168414,0.0008583256252848,-0.8536165018292259,0.6366459627330153,-0.2391304347826179,-0.1578947368421052,1773799157.2819378,0
-1.0,0.49865162950339176,0.95,-0.0014180647022063,-0.0018438992161926,-0.0038661415906923,-0.0004933046363425,0.0013146003254333,0.0021114324550635,-1.4746393918465472,0.7508090614886171,-0.2491909385113828,-1.0,1773799204.369806,1
-3.0,0.5025820977630862,0.9524999999999999,-0.0013339422198721,-0.0017598126069852,-0.0037822253391115,-0.0004764725887062,0.0013099578266268,0.0021112545988743,-1.444595241347574,0.7055016181229647,-0.2944983818770352,-1.0,1773799204.450108,1
-3.0,0.5048806516171463,0.9524999999999999,-0.001880738355045,-0.0023063755668339,-0.0043276809743875,-0.0005858910230679,0.0013448062970956,0.0021124111999934,-1.635616946641998,1.0,0.0,-1.0,1773799207.6440885,1
-1.0,0.15745586526764624,0.9550000000000001,4.594950047776336e-05,0.0003850852499069,0.0004913678618857,0.0001468636041553,0.0001158773432036,0.0001667540920986,1.988677515485145,0.3144654088050027,0.169811320754976,0.6,1773799292.9907155,0
-1.0,0.18116463988855067,0.9550000000000001,0.0002283408768754,0.0001785969290324,0.000186164812995,-2.0238126717930747e-05,0.0002437369347144,0.0002104181925733,0.5989975690669546,1.0,0.0,0.0526315789473684,1773799301.9076252,1
1.0,0.18528939512658452,0.95,0.0004327864326864,0.0003830323172361,0.0003906017480657,2.0644856062527924e-05,0.0002899018906491,0.0005152673821969,1.397590359937232,0.8878361781587509,0.112163821841249,0.2,1773799345.4794614,0
1.0,0.18475904675715063,0.95,0.0004052951000699,0.0003555423518348,0.0003631115746608,1.5147608136001654e-05,0.0002878028418407,0.000515281541845,1.3712786894608122,0.8290096999775,0.1709903000225,0.2,1773799345.6124828,0
1.0,0.18984069466090983,0.95,0.0005873212222944,0.0005375594214284,0.0005451300214925,5.154496348886284e-05,0.0003038750729872,0.0005205592451933,1.5422997841971977,1.0,0.0,0.2,1773799350.4108,0
-2.0,0.12124143884896524,0.9524999999999999,5.819972921807224e-05,6.330529181195065e-05,0.0002992391359853,2.236116777982918e-05,0.0001120961944814,0.0001606713418265,1.5203004946223757,0.8947368421053892,-0.1052631578946108,0.6,1773799435.4232135,1
1.0,0.12601552140132263,0.95,0.0001347783202945,0.0001398842738424,0.0003758361844457,3.7676459074487575e-05,9.756940811289248e-05,0.0001602829146579,0.8386799731657231,0.9108280254780612,-0.0127388535034651,0.1052631578947368,1773799443.1615913,1
-1.0,0.31677441874346707,0.95,-0.0013566321906008,-0.0010987955279622,0.0002404959025511,0.0002337392023304,0.0011951063183493,0.0018662423989139,-1.060763574363368,0.7878787878787983,0.0378787878787552,-0.2,1773799503.7596347,1
-1.0,0.3156135566315499,0.95,-0.0013986517717257,-0.0011408259579936,0.0001984091196045,0.0002253288900479,0.0011976529461494,0.0018663209274719,-1.0775710257335522,0.8143939393940132,0.06439393939397,-0.2,1773799509.9350715,1
-1.0,0.31363811587224616,0.95,-0.0014706853393681,-0.0012128781237615,0.0001262603488393,0.000210910882641,0.0012021858950277,0.0018787952423259,-1.1062647382607456,0.7491749174917499,-0.0330033003300783,-0.2,1773799520.5292537,0
1.0,0.24265802837210254,0.95,-0.0023497172526938,-0.0025475257756735,-0.001071063240869,-0.0006616697877127,0.0012377089104892,0.0019047449962399,-1.7494721111936156,0.8817427385892233,-0.1182572614107767,-0.2,1773799576.5153816,1
2.0,0.24618972078001355,0.95,-0.0020672704218073,-0.0022651349467663,-0.0007882544076058,-0.0006051442671144,0.0011604637898595,0.0029025828169505,-0.8275115797593515,0.7842323651452329,-0.215767634854767,-0.1052631578947368,1773799582.368094,0
1.0,0.19565272186032828,0.95,-0.0019856551458555,-0.0043640336396762,-0.004106973448777,-0.0009290640086015,0.0012169397254837,0.0019061502618854,-1.91039706208873,0.8169014084506666,0.1830985915493333,-0.6,1773799645.980379,1
1.0,0.1975419795097155,0.95,-0.0016125926639068,-0.0039918602068564,-0.0037347039256421,-0.0008544346420634,0.0011875568098361,0.0019054380001497,-1.7941621483332963,0.6713615023473599,0.0375586854460266,-0.6,1773799646.0494766,1
1.0,0.27265924226254357,0.95,0.0008905027220142,0.0011672799982982,0.0012418231133329,0.0002371187624739,0.000821044217346,0.0013939029744564,2.086892378791095,0.5719696969696718,0.1590909090909306,0.2,1773799648.9878242,0
-2.0,0.16168485584258416,0.9524999999999999,0.0003941622425931,0.0016705350580669,0.0018003063558982,0.0003175567891941,0.0006395020138685,0.0009328742388571,2.2091648926766294,0.8230408089564341,-0.176959191043566,0.6,1773799662.2359195,1
2.0,0.1321064973908973,0.95,0.0007146828117164,0.0005561259648911,0.0024528973000666,0.0002650971928721,0.0006378124020778,0.000963620035264,1.9179832525029523,0.5619496769620936,-0.0689420167379383,0.6,1773799714.9943435,0
-1.0,0.1988322229670955,0.95,-0.0020211863642106,-0.0017389525368249,-0.0041179189502308,-0.0005735774016522,0.0009861108780262,0.0018866446055828,-0.9178746473929392,1.0,0.0,-0.0526315789473684,1773799743.727047,1
2.0,0.13076326995886756,0.95,3.5736310950868066e-05,0.0001010893139405,-0.0001398575698676,3.880019187689196e-06,0.0001141793134308,0.0001776541685937,0.9493172687415352,0.3061224489789858,0.6938775510210142,-0.2,1773799786.8462949,1
-1.0,0.08163751602429317,0.9550000000000001,0.0001000616706624,0.0001654188773573,-7.554350489193008e-05,1.6745130536454943e-05,0.0001161751515035,0.0001792010117361,1.144695441605203,1.0,0.0,-0.2,1773799789.8917434,1
1.0,0.08634261750211922,0.95,0.0001388610939804,0.0002042208362434,-3.675089427182003e-05,2.450487892137096e-05,0.0001182563487104,0.000182525403646,1.2591443900767705,0.82857142857154,0.17142857142846,-0.2,1773799801.619974,1
-1.0,0.2566895799164708,0.95,-0.0004045258594665,-0.0040904962132833,-0.003808847597959,-0.0009180826720486,0.0011104775449081,0.0019344352037324,-2.2343269686493263,0.2320441988950748,-0.7679558011049252,-0.6,1773799856.710146,0
1.0,0.20647629696786932,0.95,-0.0003501865649112,-0.0040363572928133,-0.0037546933667083,-0.0009072222121754,0.0010206805354299,0.001866302667182,-1.1085100989621182,0.1067961165048336,-0.0647249190938675,-0.1578947368421052,1773799883.1879592,1
3.0,0.24728967567159135,0.95,0.0012088332500877,0.0008525217114174,0.0012168132776115,0.0004223827808088,0.0008231899092566,0.0014112795382343,2.032219603444988,0.7289527720739757,0.2710472279260243,-0.2,1773799927.9879928,0
3.0,0.25527805371087425,0.95,0.0014293456891146,0.0010729556741826,0.0014373274742092,0.0004664600358504,0.0008415819120721,0.0014109687777254,2.172023744965759,0.8993839835729378,0.1006160164270621,-0.2,1773799928.1044118,0
1.0,0.18186187386237837,0.95,0.0006801347516976,0.000324011366956,0.0006881105652868,0.0003166877437592,0.0007906192230506,0.0014120251724752,1.6624314094629524,0.3203285420944518,0.6796714579055482,-0.2,1773799931.405159,0
2.0,0.2588153347298522,0.95,0.001570154836927,0.0012137147106471,0.0015781377443257,0.0004946037193562,0.0008546867475633,0.0014113288563768,2.2569009850056165,1.0,0.0,-0.2,1773799941.9995866,1
-2.0,0.14791236751646852,0.9524999999999999,0.0001000230665438,0.0003123832391078,0.000604525774038,0.0001184082340269,0.0001170360982664,0.0001749960037744,1.899427095264745,0.6594202898553495,-0.3405797101446505,1.0,1773800014.7682643,0
