racha_actual,puntaje_estrategia,payout,ret_1m,ret_3m,ret_5m,slope_5m,rv_20,range_norm,bb_z,body_ratio,wick_imbalance,micro_trend_persist,close_0,close_1,close_2,close_3,close_4,close_5,close_6,close_7,close_8,close_9,close_10,close_11,close_12,close_13,close_14,close_15,close_16,close_17,close_18,close_19,row_has_proxy_features,row_train_eligible,result_bin
0.0,0.06230224840705182,0.95,0.01680000000000007,-0.06599999999999995,-0.03287999999999994,0.002280871403641632,0.003710691207542083,0.018210594468702844,-0.9586,0.01680000000000007,-0.98965,0.0,0.0,0.0,0.0,0.0,0.0,0.0,0.0,0.0,0.0,0.0,0.0,0.0,0.0,0.0,0.0,0.0,0.0,0.0,0.0,0.0,1,0,0
-1.0,0.06440224840705183,0.95,0.01680000000000007,-0.06599999999999995,-0.03287999999999994,0.002280871403641632,0.003710691207542083,0.018210594468702844,-0.9586,0.01680000000000007,-0.95965,-0.1,0.0,0.0,0.0,0.0,0.0,0.0,0.0,0.0,0.0,0.0,0.0,0.0,0.0,0.0,0.0,0.0,0.0,0.0,0.0,0.0,1,0,0
0.0,0.11230224840705183,0.95,0.01680000000000007,-0.06599999999999995,-0.03287999999999994,0.014780871403641633,0.003710691207542083,0.018210594468702844,-0.9586,0.01680000000000007,-0.98965,0.0,0.0,0.0,0.0,0.0,0.0,0.0,0.0,0.0,0.0,0.0,0.0,0.0,0.0,0.0,0.0,0.0,0.0,0.0,0.0,0.0,1,0,0
-1.0,0.23235740083858694,0.9550000000000001,-0.08599999999999994,-0.01780000000000001,-0.04507999999999998,0.03648038682181084,0.0806058493940437,0.1504703358388694,-0.9481,0.08599999999999994,-0.957025,-0.1,0.0,0.0,0.0,0.0,0.0,0.0,0.0,0.0,0.0,0.0,0.0,0.0,0.0,0.0,0.0,0.0,0.0,0.0,0.0,0.0,1,0,0
-1.0,0.2324951132736171,0.9550000000000001,-0.08840000000000003,-0.019399999999999976,-0.047,0.0364523321155067,0.08041277171903394,0.15059274894604976,-0.9460999999999999,0.08840000000000003,-0.956525,-0.1,0.0,0.0,0.0,0.0,0.0,0.0,0.0,0.0,0.0,0.0,0.0,0.0,0.0,0.0,0.0,0.0,0.0,0.0,0.0,0.0,1,0,0
-2.0,0.1838990369133229,0.9550000000000001,-0.07640000000000001,-0.010999999999999944,-0.03715999999999997,0.02409656900459083,0.08140989617659455,0.14997690185955237,-0.9563,0.07640000000000001,-0.929075,-0.2,0.0,0.0,0.0,0.0,0.0,0.0,0.0,0.0,0.0,0.0,0.0,0.0,0.0,0.0,0.0,0.0,0.0,0.0,0.0,0.0,1,0,0
-1.0,0.23179903691332296,0.9550000000000001,-0.07640000000000001,-0.010999999999999944,-0.03715999999999997,0.03659656900459083,0.08140989617659455,0.14997690185955237,-0.9563,0.07640000000000001,-0.959075,-0.1,0.0,0.0,0.0,0.0,0.0,0.0,0.0,0.0,0.0,0.0,0.0,0.0,0.0,0.0,0.0,0.0,0.0,0.0,0.0,0.0,1,0,0
-3.0,0.18599903691332295,0.9550000000000001,-0.07640000000000001,-0.010999999999999944,-0.03715999999999997,0.02409656900459083,0.08140989617659455,0.14997690185955237,-0.9563,0.07640000000000001,-0.8990750000000001,-0.3,0.0,0.0,0.0,0.0,0.0,0.0,0.0,0.0,0.0,0.0,0.0,0.0,0.0,0.0,0.0,0.0,0.0,0.0,0.0,0.0,1,0,0
-1.0,0.23105172890719983,0.9550000000000001,-0.06340000000000004,-0.0020000000000000282,-0.026560000000000035,0.03675276147390971,0.08250225267254385,0.1493186560256304,-0.9672999999999999,0.06340000000000004,-0.961825,-0.1,0.0,0.0,0.0,0.0,0.0,0.0,0.0,0.0,0.0,0.0,0.0,0.0,0.0,0.0,0.0,0.0,0.0,0.0,0.0,0.0,1,0,0
-4.0,0.18764519463984472,0.9550000000000001,-0.245,-0.12980000000000003,-0.17588000000000004,0.02018132152491765,0.057879518936459484,0.1462790315904754,-0.8126,0.245,-0.8331500000000001,-0.4,0.0,0.0,0.0,0.0,0.0,0.0,0.0,0.0,0.0,0.0,0.0,0.0,0.0,0.0,0.0,0.0,0.0,0.0,0.0,0.0,1,0,1
-2.0,0.1832610240517682,0.9550000000000001,-0.23939999999999997,-0.12620000000000003,-0.17148000000000002,0.020270233199282978,0.05834067543996446,0.14614049392519596,-0.8171999999999999,0.23939999999999997,-0.8943,-0.2,0.0,0.0,0.0,0.0,0.0,0.0,0.0,0.0,0.0,0.0,0.0,0.0,0.0,0.0,0.0,0.0,0.0,0.0,0.0,0.0,1,0,0
-2.0,0.18274725570360986,0.9550000000000001,-0.22480000000000003,-0.11680000000000007,-0.16000000000000006,0.020496019523394114,0.05952545293517886,0.14574133323055774,-0.8291999999999999,0.22480000000000003,-0.8973,-0.2,0.0,0.0,0.0,0.0,0.0,0.0,0.0,0.0,0.0,0.0,0.0,0.0,0.0,0.0,0.0,0.0,0.0,0.0,0.0,0.0,1,0,0
-2.0,0.1826496795992722,0.9550000000000001,-0.22200000000000003,-0.115,-0.15780000000000002,0.020539454691466542,0.059755650287021456,0.1456663213742424,-0.8315,0.22200000000000003,-0.897875,-0.2,0.0,0.0,0.0,0.0,0.0,0.0,0.0,0.0,0.0,0.0,0.0,0.0,0.0,0.0,0.0,0.0,0.0,0.0,0.0,0.0,1,0,0
0.0,0.24839827478006957,0.95,-0.5012,0.07659999999999996,-0.15452000000000002,0.0153565439834313,0.03679074016379391,0.13144804895112322,-0.42514285714285727,0.5012,-0.8562857142857143,0.0,0.0,0.0,0.0,0.0,0.0,0.0,0.0,0.0,0.0,0.0,0.0,0.0,0.0,0.0,0.0,0.0,0.0,0.0,0.0,0.0,1,0,1
-3.0,0.313975347655226,0.9537500000000001,0.6536000000000002,0.5625999999999999,0.599,0.015413065825230991,0.03699911988043014,0.18195796537334963,0.010285714285714675,0.6536000000000002,-0.6574285714285714,-0.3,0.0,0.0,0.0,0.0,0.0,0.0,0.0,0.0,0.0,0.0,0.0,0.0,0.0,0.0,0.0,0.0,0.0,0.0,0.0,0.0,1,0,1
1.0,0.3067961677405896,0.95,0.6469999999999999,0.555,0.5918,0.01530945325297421,0.03661773250239919,0.18020099874504514,-0.008571428571428896,0.6469999999999999,-0.7221428571428572,0.1,0.0,0.0,0.0,0.0,0.0,0.0,0.0,0.0,0.0,0.0,0.0,0.0,0.0,0.0,0.0,0.0,0.0,0.0,0.0,0.0,1,0,0
-3.0,0.2653508215030757,0.9524999999999999,-0.3996,-0.1436,-0.246,0.03566843450023356,0.07518291268799726,0.17946247881610589,-0.7154285714285714,0.3996,-0.8388571428571429,-0.3,0.0,0.0,0.0,0.0,0.0,0.0,0.0,0.0,0.0,0.0,0.0,0.0,0.0,0.0,0.0,0.0,0.0,0.0,0.0,0.0,1,0,0
-3.0,0.31961772391823423,0.9524999999999999,-0.4108,-0.15099999999999994,-0.25492,0.03575585962045155,0.07575070644518445,0.18151744772321324,-0.6834285714285715,0.4108,-0.8308571428571428,-0.3,0.0,0.0,0.0,0.0,0.0,0.0,0.0,0.0,0.0,0.0,0.0,0.0,0.0,0.0,0.0,0.0,0.0,0.0,0.0,0.0,1,0,0
1.0,0.22495022792414562,0.95,-0.3726,-0.3736,-0.3732,0.02350160994616335,0.07736730468656239,0.1976772184214253,-0.6269,0.3726,-0.876725,0.1,0.0,0.0,0.0,0.0,0.0,0.0,0.0,0.0,0.0,0.0,0.0,0.0,0.0,0.0,0.0,0.0,0.0,0.0,0.0,0.0,1,0,0
1.0,0.30982481439558873,0.95,0.5880000000000001,0.5162,0.5449200000000001,0.019787371203121792,0.05587211962698069,0.20100730974358763,-0.17714285714285682,0.5880000000000001,-0.7642857142857142,0.1,0.0,0.0,0.0,0.0,0.0,0.0,0.0,0.0,0.0,0.0,0.0,0.0,0.0,0.0,0.0,0.0,0.0,0.0,0.0,0.0,1,0,1
-1.0,0.3731313707313508,0.9550000000000001,-0.4874,-0.5774,-0.5414000000000001,0.035434891694254116,0.0736846430311997,0.2188623471169221,-0.2074285714285714,0.4874,-0.7718571428571428,-0.1,0.0,0.0,0.0,0.0,0.0,0.0,0.0,0.0,0.0,0.0,0.0,0.0,0.0,0.0,0.0,0.0,0.0,0.0,0.0,0.0,1,0,0
-4.0,0.32774761533063146,0.9524999999999999,-0.47740000000000005,-0.574,-0.5353600000000001,0.022879183358502773,0.07333118711398423,0.21743244524437977,-0.2171428571428572,0.47740000000000005,-0.6842857142857143,-0.4,0.0,0.0,0.0,0.0,0.0,0.0,0.0,0.0,0.0,0.0,0.0,0.0,0.0,0.0,0.0,0.0,0.0,0.0,0.0,0.0,1,0,0
-4.0,0.3271827662176076,0.9524999999999999,-0.4738,-0.5728,-0.5332,0.022859767222011825,0.07320834949071531,0.216923940752527,-0.22057142857142853,0.4738,-0.6851428571428572,-0.4,0.0,0.0,0.0,0.0,0.0,0.0,0.0,0.0,0.0,0.0,0.0,0.0,0.0,0.0,0.0,0.0,0.0,0.0,0.0,0.0,1,0,0
-1.0,0.332793607085629,0.9550000000000001,0.4930000000000001,0.4947999999999999,0.49407999999999996,0.03295321652395687,0.05929932905471247,0.1962320822289122,-0.4434285714285717,0.4930000000000001,-0.830857142857143,-0.1,0.0,0.0,0.0,0.0,0.0,0.0,0.0,0.0,0.0,0.0,0.0,0.0,0.0,0.0,0.0,0.0,0.0,0.0,0.0,0.0,1,0,0
-2.0,0.32743682946086605,0.9524999999999999,-0.575,-0.495,-0.5269999999999999,0.02347246543820817,0.0771739884489272,0.22292024066676688,-0.2142857142857143,0.575,-0.7435714285714285,-0.2,0.0,0.0,0.0,0.0,0.0,0.0,0.0,0.0,0.0,0.0,0.0,0.0,0.0,0.0,0.0,0.0,0.0,0.0,0.0,0.0,1,0,1
-5.0,0.30937056317320455,0.9524999999999999,-0.48840000000000006,-0.465,-0.47436000000000006,0.024286419227492084,0.08273937258296471,0.2193209309702491,-0.46171428571428563,0.48840000000000006,-0.7154285714285714,-0.5,0.0,0.0,0.0,0.0,0.0,0.0,0.0,0.0,0.0,0.0,0.0,0.0,0.0,0.0,0.0,0.0,0.0,0.0,0.0,0.0,1,0,0
2.0,0.3529872298398712,0.95,-0.48840000000000006,-0.465,-0.47436000000000006,0.03678641922749208,0.08273937258296471,0.2193209309702491,-0.46171428571428563,0.48840000000000006,-0.8054285714285714,0.2,0.0,0.0,0.0,0.0,0.0,0.0,0.0,0.0,0.0,0.0,0.0,0.0,0.0,0.0,0.0,0.0,0.0,0.0,0.0,0.0,1,0,0
-5.0,0.30381010492574145,0.9524999999999999,-0.474,-0.4548,-0.46247999999999995,0.024162620228740737,0.08187023007122485,0.21653933515625984,-0.5028571428571429,0.474,-0.7257142857142858,-0.5,0.0,0.0,0.0,0.0,0.0,0.0,0.0,0.0,0.0,0.0,0.0,0.0,0.0,0.0,0.0,0.0,0.0,0.0,0.0,0.0,1,0,0
-2.0,0.35548444457865797,0.9524999999999999,-0.4946,-0.4696,-0.4796,0.03684264317369511,0.08313684876080252,0.22055528165045157,-0.44399999999999995,0.4946,-0.8009999999999999,-0.2,0.0,0.0,0.0,0.0,0.0,0.0,0.0,0.0,0.0,0.0,0.0,0.0,0.0,0.0,0.0,0.0,0.0,0.0,0.0,0.0,1,0,0
1.0,0.11081020014377692,0.95,-0.01719999999999999,0.12680000000000008,0.06920000000000005,0.010479187458354335,0.02140269622552904,0.06811963239694135,-0.9279999999999999,0.01719999999999999,-0.952,0.1,0.0,0.0,0.0,0.0,0.0,0.0,0.0,0.0,0.0,0.0,0.0,0.0,0.0,0.0,0.0,0.0,0.0,0.0,0.0,0.0,1,0,1
-6.0,0.13077870780187165,0.95,-0.08780000000000002,0.07120000000000004,0.0076000000000000165,0.012047077852567279,0.02584242438038853,0.07849560299930908,-0.9205,0.08780000000000002,-0.800125,-0.6,0.0,0.0,0.0,0.0,0.0,0.0,0.0,0.0,0.0,0.0,0.0,0.0,0.0,0.0,0.0,0.0,0.0,0.0,0.0,0.0,1,0,1
-1.0,0.12027870780187165,0.95,-0.08780000000000002,0.07120000000000004,0.0076000000000000165,0.012047077852567279,0.02584242438038853,0.07849560299930908,-0.9205,0.08780000000000002,-0.950125,-0.1,0.0,0.0,0.0,0.0,0.0,0.0,0.0,0.0,0.0,0.0,0.0,0.0,0.0,0.0,0.0,0.0,0.0,0.0,0.0,0.0,1,0,1
-3.0,0.13297610730429252,0.9524999999999999,-0.14900000000000005,0.02079999999999998,-0.04712000000000003,0.013469307414142193,0.03026234438342612,0.08785311922565295,-0.9151,0.14900000000000005,-0.888775,-0.3,0.0,0.0,0.0,0.0,0.0,0.0,0.0,0.0,0.0,0.0,0.0,0.0,0.0,0.0,0.0,0.0,0.0,0.0,0.0,0.0,1,0,1
-6.0,0.14775436014452034,0.95,-0.1928,-0.016599999999999965,-0.08707999999999999,0.014526067547045347,0.03381787859965879,0.09739031002701246,-0.8953,0.1928,-0.793825,-0.6,0.0,0.0,0.0,0.0,0.0,0.0,0.0,0.0,0.0,0.0,0.0,0.0,0.0,0.0,0.0,0.0,0.0,0.0,0.0,0.0,1,0,1
-6.0,0.14184198426429434,0.95,-0.16799999999999998,0.0048000000000000395,-0.06431999999999997,0.01392148404242336,0.03175384593444652,0.09082752214692053,-0.9136,0.16799999999999998,-0.7984,-0.6,0.0,0.0,0.0,0.0,0.0,0.0,0.0,0.0,0.0,0.0,0.0,0.0,0.0,0.0,0.0,0.0,0.0,0.0,0.0,0.0,1,0,1
2.0,0.25685565842626784,0.95,0.24400000000000005,0.048799999999999955,0.12688,0.03834179382237449,0.09439831333581183,0.17815900252646638,-0.8536,0.24400000000000005,-0.9034,0.2,0.0,0.0,0.0,0.0,0.0,0.0,0.0,0.0,0.0,0.0,0.0,0.0,0.0,0.0,0.0,0.0,0.0,0.0,0.0,0.0,1,0,1
1.0,0.25891134284846834,0.95,0.26659999999999995,0.06879999999999996,0.14791999999999997,0.03853767375916662,0.09596860985277689,0.1828687508860333,-0.8323,0.26659999999999995,-0.928075,0.1,0.0,0.0,0.0,0.0,0.0,0.0,0.0,0.0,0.0,0.0,0.0,0.0,0.0,0.0,0.0,0.0,0.0,0.0,0.0,0.0,1,0,1
1.0,0.26201758839025246,0.95,0.28319999999999995,0.08379999999999996,0.16355999999999996,0.03868739818209211,0.09718503605280893,0.18639450134315652,-0.8165,0.28319999999999995,-0.924125,0.1,0.0,0.0,0.0,0.0,0.0,0.0,0.0,0.0,0.0,0.0,0.0,0.0,0.0,0.0,0.0,0.0,0.0,0.0,0.0,0.0,1,0,1
1.0,0.14398911759035762,0.95,0.19659999999999997,0.13700000000000004,0.16084,0.01719914990506313,0.008137925786328992,0.05071490618294082,-0.8331999999999999,0.19659999999999997,-0.9283,0.1,0.0,0.0,0.0,0.0,0.0,0.0,0.0,0.0,0.0,0.0,0.0,0.0,0.0,0.0,0.0,0.0,0.0,0.0,0.0,0.0,1,0,1
1.0,0.2576778207964634,0.95,0.26,0.06280000000000001,0.14168000000000003,0.03847892033854515,0.09549510532869909,0.18146982881959103,-0.8386,0.26,-0.92965,0.1,0.0,0.0,0.0,0.0,0.0,0.0,0.0,0.0,0.0,0.0,0.0,0.0,0.0,0.0,0.0,0.0,0.0,0.0,0.0,0.0,1,0,1
3.0,0.23288832745272467,0.95,0.20180000000000006,0.16840000000000002,0.18176000000000003,0.029237802192939158,0.12526291584959803,0.2081041597812497,-0.8149,0.20180000000000006,-0.863725,0.3,0.0,0.0,0.0,0.0,0.0,0.0,0.0,0.0,0.0,0.0,0.0,0.0,0.0,0.0,0.0,0.0,0.0,0.0,0.0,0.0,1,0,0
2.0,0.13944738417039912,0.95,-0.17659999999999998,-0.24400000000000005,-0.21704,0.014722389527234455,0.0036102424277625333,0.04444752419380376,-0.7897000000000001,0.17659999999999998,-0.887425,0.2,0.0,0.0,0.0,0.0,0.0,0.0,0.0,0.0,0.0,0.0,0.0,0.0,0.0,0.0,0.0,0.0,0.0,0.0,0.0,0.0,1,0,0
2.0,0.1410015225554514,0.95,-0.18680000000000008,-0.2516,-0.22568000000000002,0.014772581817890974,0.0036964350617385566,0.04610741869239609,-0.7807999999999999,0.18680000000000008,-0.8852,0.2,0.0,0.0,0.0,0.0,0.0,0.0,0.0,0.0,0.0,0.0,0.0,0.0,0.0,0.0,0.0,0.0,0.0,0.0,0.0,0.0,1,0,0
-1.0,0.17239998003214785,0.9550000000000001,-0.12459999999999993,0.09680000000000007,0.00824000000000006,0.024065738888457148,0.024433719119578035,0.08055458117240802,-0.8893,0.12459999999999993,-0.942325,-0.1,0.0,0.0,0.0,0.0,0.0,0.0,0.0,0.0,0.0,0.0,0.0,0.0,0.0,0.0,0.0,0.0,0.0,0.0,0.0,0.0,1,0,1
-1.0,0.19796423070939556,0.9550000000000001,-0.14879999999999996,-0.13040000000000007,-0.13776000000000005,0.02804117599573148,0.03747436485106226,0.1091305851179736,-0.8604,0.14879999999999996,-0.9351,-0.1,0.0,0.0,0.0,0.0,0.0,0.0,0.0,0.0,0.0,0.0,0.0,0.0,0.0,0.0,0.0,0.0,0.0,0.0,0.0,0.0,1,0,1
-1.0,0.19797619373593953,0.9550000000000001,-0.16159999999999997,-0.14019999999999996,-0.14875999999999995,0.027739405285204213,0.036361389401265876,0.10903796000219519,-0.8491000000000001,0.16159999999999997,-0.932275,-0.1,0.0,0.0,0.0,0.0,0.0,0.0,0.0,0.0,0.0,0.0,0.0,0.0,0.0,0.0,0.0,0.0,0.0,0.0,0.0,0.0,1,0,0
-1.0,0.19796423070939556,0.9550000000000001,-0.14879999999999996,-0.13040000000000007,-0.13776000000000005,0.02804117599573148,0.03747436485106226,0.1091305851179736,-0.8604,0.14879999999999996,-0.9351,-0.1,0.0,0.0,0.0,0.0,0.0,0.0,0.0,0.0,0.0,0.0,0.0,0.0,0.0,0.0,0.0,0.0,0.0,0.0,0.0,0.0,1,0,0
1.0,0.07981013114896868,0.95,-0.18599999999999994,-0.07879999999999995,-0.12167999999999995,0.0029456405322657747,0.0048735348025421565,0.03598834494511252,-0.8676,0.18599999999999994,-0.9369000000000001,0.1,0.0,0.0,0.0,0.0,0.0,0.0,0.0,0.0,0.0,0.0,0.0,0.0,0.0,0.0,0.0,0.0,0.0,0.0,0.0,0.0,1,0,1
1.0,0.2860342586468634,0.95,-0.518,-0.13840000000000002,-0.29024000000000005,0.02416691021819125,0.024726336174580865,0.11532940127631362,-0.3771428571428572,0.518,-0.8142857142857143,0.1,0.0,0.0,0.0,0.0,0.0,0.0,0.0,0.0,0.0,0.0,0.0,0.0,0.0,0.0,0.0,0.0,0.0,0.0,0.0,0.0,1,0,0
-2.0,0.2904990389421774,0.9524999999999999,-0.5226,-0.1436,-0.2952,0.02429470062201379,0.025098567985290865,0.1168536673316723,-0.3640000000000001,0.5226,-0.781,-0.2,0.0,0.0,0.0,0.0,0.0,0.0,0.0,0.0,0.0,0.0,0.0,0.0,0.0,0.0,0.0,0.0,0.0,0.0,0.0,0.0,1,0,0
-2.0,0.2882175919801967,0.9524999999999999,-0.518,-0.13840000000000002,-0.29024000000000005,0.02416691021819125,0.024726336174580865,0.11532940127631362,-0.3771428571428572,0.518,-0.7842857142857143,-0.2,0.0,0.0,0.0,0.0,0.0,0.0,0.0,0.0,0.0,0.0,0.0,0.0,0.0,0.0,0.0,0.0,0.0,0.0,0.0,0.0,1,0,0
-2.0,0.2844569468927986,0.9524999999999999,-0.5104,-0.12980000000000003,-0.28204,0.023957344220494874,0.02412222848119494,0.11282235974352554,-0.3988571428571429,0.5104,-0.7897142857142857,-0.2,0.0,0.0,0.0,0.0,0.0,0.0,0.0,0.0,0.0,0.0,0.0,0.0,0.0,0.0,0.0,0.0,0.0,0.0,0.0,0.0,1,0,0
2.0,0.14319156281116713,0.95,-0.30939999999999995,-0.15840000000000004,-0.2188,0.011746650614193166,0.02495826099714138,0.10098133780215243,-0.7661,0.30939999999999995,-0.881525,0.2,0.0,0.0,0.0,0.0,0.0,0.0,0.0,0.0,0.0,0.0,0.0,0.0,0.0,0.0,0.0,0.0,0.0,0.0,0.0,0.0,1,0,0
-3.0,0.14193955400785202,0.9537500000000001,0.0048000000000000395,0.03400000000000006,0.022320000000000048,0.020050761100982847,0.014143353556957394,0.04317893894091816,-0.9805999999999999,0.0048000000000000395,-0.90515,-0.3,0.0,0.0,0.0,0.0,0.0,0.0,0.0,0.0,0.0,0.0,0.0,0.0,0.0,0.0,0.0,0.0,0.0,0.0,0.0,0.0,1,0,1
-1.0,0.13778122067451867,0.9550000000000001,0.0048000000000000395,0.03400000000000006,0.022320000000000048,0.020050761100982847,0.014143353556957394,0.04317893894091816,-0.9805999999999999,0.0048000000000000395,-0.96515,-0.1,0.0,0.0,0.0,0.0,0.0,0.0,0.0,0.0,0.0,0.0,0.0,0.0,0.0,0.0,0.0,0.0,0.0,0.0,0.0,0.0,1,0,1
-3.0,0.11196360539640753,0.9524999999999999,0.09159999999999996,-0.08579999999999999,-0.014840000000000006,0.009436199195329748,0.018673811512469163,0.06473053687533897,-0.9113,0.09159999999999996,-0.887825,-0.3,0.0,0.0,0.0,0.0,0.0,0.0,0.0,0.0,0.0,0.0,0.0,0.0,0.0,0.0,0.0,0.0,0.0,0.0,0.0,0.0,1,0,0
-1.0,0.10776756853946086,0.9550000000000001,0.09840000000000003,-0.08099999999999995,-0.009239999999999957,0.009393970749712814,0.018566833614564793,0.06464595795220526,-0.9103,0.09840000000000003,-0.9475750000000001,-0.1,0.0,0.0,0.0,0.0,0.0,0.0,0.0,0.0,0.0,0.0,0.0,0.0,0.0,0.0,0.0,0.0,0.0,0.0,0.0,0.0,1,0,0
1.0,0.2237910201653219,0.95,-0.2744,-0.365,-0.32876,0.02801161141362152,0.037364326587285945,0.13724865146449683,-0.6803,0.2744,-0.890075,0.1,0.0,0.0,0.0,0.0,0.0,0.0,0.0,0.0,0.0,0.0,0.0,0.0,0.0,0.0,0.0,0.0,0.0,0.0,0.0,0.0,1,0,0
1.0,0.14888263957306094,0.95,0.01519999999999996,0.04780000000000001,0.034759999999999985,0.021843800032611684,0.01844007953020199,0.05521323514596335,-0.9685,0.01519999999999996,-0.962125,0.1,0.0,0.0,0.0,0.0,0.0,0.0,0.0,0.0,0.0,0.0,0.0,0.0,0.0,0.0,0.0,0.0,0.0,0.0,0.0,0.0,1,0,0
-4.0,0.12168593124720399,0.9524999999999999,0.08180000000000007,0.09319999999999994,0.08864,0.010899242169632423,0.022550777178967252,0.07300075889886871,-0.9125,0.08180000000000007,-0.858125,-0.4,0.0,0.0,0.0,0.0,0.0,0.0,0.0,0.0,0.0,0.0,0.0,0.0,0.0,0.0,0.0,0.0,0.0,0.0,0.0,0.0,1,0,1
-2.0,0.11740039205780983,0.9524999999999999,0.07819999999999994,0.09060000000000003,0.08564,0.010967526394226584,0.02274018489916918,0.07291242943140457,-0.9156,0.07819999999999994,-0.9189,-0.2,0.0,0.0,0.0,0.0,0.0,0.0,0.0,0.0,0.0,0.0,0.0,0.0,0.0,0.0,0.0,0.0,0.0,0.0,0.0,0.0,1,0,1
-1.0,0.20226652324760092,0.9550000000000001,0.4212,0.16319999999999993,0.26639999999999997,0.014400396594023505,0.0030624126133583784,0.05564517260576119,-0.6537142857142856,0.4212,-0.8834285714285715,-0.1,0.0,0.0,0.0,0.0,0.0,0.0,0.0,0.0,0.0,0.0,0.0,0.0,0.0,0.0,0.0,0.0,0.0,0.0,0.0,0.0,1,0,0
-1.0,0.1964359324261355,0.9550000000000001,0.4052000000000001,0.14980000000000004,0.2519600000000001,0.014330921058922185,0.002945356931942422,0.05297525865352981,-0.6994285714285711,0.4052000000000001,-0.8948571428571428,-0.1,0.0,0.0,0.0,0.0,0.0,0.0,0.0,0.0,0.0,0.0,0.0,0.0,0.0,0.0,0.0,0.0,0.0,0.0,0.0,0.0,1,0,0
-1.0,0.14232449941755257,0.9550000000000001,0.2809999999999999,0.2568000000000001,0.26648000000000005,0.014257494458928627,0.0028220823734809164,0.05124380373644076,-0.7311,0.2809999999999999,-0.902775,-0.1,0.0,0.0,0.0,0.0,0.0,0.0,0.0,0.0,0.0,0.0,0.0,0.0,0.0,0.0,0.0,0.0,0.0,0.0,0.0,0.0,1,0,0
1.0,0.11031316405170728,0.95,-0.11239999999999994,-0.12439999999999998,-0.11959999999999996,0.009360349183539425,0.01848184901018901,0.06896360002101515,-0.8816,0.11239999999999994,-0.9404,0.1,0.0,0.0,0.0,0.0,0.0,0.0,0.0,0.0,0.0,0.0,0.0,0.0,0.0,0.0,0.0,0.0,0.0,0.0,0.0,0.0,1,0,1
1.0,0.11622821636839098,0.95,-0.14620000000000005,-0.13939999999999997,-0.14212,0.009806120088921292,0.019622396748589344,0.07535524524040667,-0.8572,0.14620000000000005,-0.9343,0.1,0.0,0.0,0.0,0.0,0.0,0.0,0.0,0.0,0.0,0.0,0.0,0.0,0.0,0.0,0.0,0.0,0.0,0.0,0.0,0.0,1,0,1
-2.0,0.2838675294744628,0.9524999999999999,-0.3118000000000001,-0.31099999999999994,-0.31132,0.03912490606564845,0.10082122952697892,0.20954700766393863,-0.6886000000000001,0.3118000000000001,-0.86215,-0.2,0.0,0.0,0.0,0.0,0.0,0.0,0.0,0.0,0.0,0.0,0.0,0.0,0.0,0.0,0.0,0.0,0.0,0.0,0.0,0.0,1,0,1
-2.0,0.2840588292865159,0.9524999999999999,-0.31299999999999994,-0.3116,-0.31216,0.0391361006809589,0.10091588984140099,0.20976670140799186,-0.6877,0.31299999999999994,-0.861925,-0.2,0.0,0.0,0.0,0.0,0.0,0.0,0.0,0.0,0.0,0.0,0.0,0.0,0.0,0.0,0.0,0.0,0.0,0.0,0.0,0.0,1,0,1
-2.0,0.28461222974883726,0.9524999999999999,-0.3164,-0.3136,-0.31472,0.039165900195540365,0.10116826944123192,0.21039935441083615,-0.685,0.3164,-0.8612500000000001,-0.2,0.0,0.0,0.0,0.0,0.0,0.0,0.0,0.0,0.0,0.0,0.0,0.0,0.0,0.0,0.0,0.0,0.0,0.0,0.0,0.0,1,0,1
-2.0,0.21098971191641525,0.9524999999999999,-0.24200000000000002,-0.19200000000000003,-0.21200000000000002,0.0282348154663287,0.03820053178478089,0.12249613273050883,-0.7829999999999999,0.24200000000000002,-0.88575,-0.2,0.0,0.0,0.0,0.0,0.0,0.0,0.0,0.0,0.0,0.0,0.0,0.0,0.0,0.0,0.0,0.0,0.0,0.0,0.0,0.0,1,0,0
2.0,0.21852569020853393,0.95,-0.09540000000000007,-0.21040000000000006,-0.16440000000000005,0.028061736679790856,0.11366068795423778,0.194730203864384,-0.8471,0.09540000000000007,-0.901775,0.2,0.0,0.0,0.0,0.0,0.0,0.0,0.0,0.0,0.0,0.0,0.0,0.0,0.0,0.0,0.0,0.0,0.0,0.0,0.0,0.0,1,0,1
2.0,0.14443931788929915,0.95,0.09,0.28699999999999987,0.2081999999999999,0.01652721801638954,0.006851802697110609,0.05052773913090112,-0.8115000000000001,0.09,-0.8928750000000001,0.2,0.0,0.0,0.0,0.0,0.0,0.0,0.0,0.0,0.0,0.0,0.0,0.0,0.0,0.0,0.0,0.0,0.0,0.0,0.0,0.0,1,0,0
1.0,0.2333239768966275,0.95,-0.16579999999999998,-0.23379999999999995,-0.20659999999999995,0.02994604070472964,0.13275438888019575,0.21543681552632662,-0.8002,0.16579999999999998,-0.92005,0.1,0.0,0.0,0.0,0.0,0.0,0.0,0.0,0.0,0.0,0.0,0.0,0.0,0.0,0.0,0.0,0.0,0.0,0.0,0.0,0.0,1,0,0
-3.0,0.23932953467159523,0.9524999999999999,-0.17680000000000007,-0.24180000000000007,-0.21580000000000008,0.030010469191730716,0.1334552854809361,0.21738698276907956,-0.7907,0.17680000000000007,-0.857675,-0.3,0.0,0.0,0.0,0.0,0.0,0.0,0.0,0.0,0.0,0.0,0.0,0.0,0.0,0.0,0.0,0.0,0.0,0.0,0.0,0.0,1,0,0
1.0,0.23452099895889528,0.95,-0.17340000000000003,-0.23939999999999997,-0.21300000000000002,0.02999089771551702,0.1332420281118395,0.21679234552035137,-0.7936,0.17340000000000003,-0.9184,0.1,0.0,0.0,0.0,0.0,0.0,0.0,0.0,0.0,0.0,0.0,0.0,0.0,0.0,0.0,0.0,0.0,0.0,0.0,0.0,0.0,1,0,0
1.0,0.23263751030530228,0.95,-0.16140000000000002,-0.23060000000000003,-0.20292000000000002,0.029920733501116712,0.13247997326746963,0.2146600583375808,-0.804,0.16140000000000002,-0.921,0.1,0.0,0.0,0.0,0.0,0.0,0.0,0.0,0.0,0.0,0.0,0.0,0.0,0.0,0.0,0.0,0.0,0.0,0.0,0.0,0.0,1,0,0
3.0,0.15419891601670957,0.95,-0.07099999999999994,-0.1186,-0.09955999999999998,0.020562890307816373,0.015325904763806908,0.05789710755901844,-0.9052,0.07099999999999994,-0.8863,0.3,0.0,0.0,0.0,0.0,0.0,0.0,0.0,0.0,0.0,0.0,0.0,0.0,0.0,0.0,0.0,0.0,0.0,0.0,0.0,0.0,1,0,1
-1.0,0.10011193696107511,0.9550000000000001,-0.059200000000000016,-0.11060000000000002,-0.09004000000000001,0.00832398107507498,0.01594216407581861,0.057811879062803266,-0.9151,0.059200000000000016,-0.948775,-0.1,0.0,0.0,0.0,0.0,0.0,0.0,0.0,0.0,0.0,0.0,0.0,0.0,0.0,0.0,0.0,0.0,0.0,0.0,0.0,0.0,1,0,0
-2.0,0.0847104759415128,0.9550000000000001,0.34180000000000005,-0.05980000000000004,0.10084000000000001,0.001791111254304562,0.002878465260940155,0.04071631672315194,-0.7991999999999999,0.34180000000000005,-0.8898,-0.2,0.0,0.0,0.0,0.0,0.0,0.0,0.0,0.0,0.0,0.0,0.0,0.0,0.0,0.0,0.0,0.0,0.0,0.0,0.0,0.0,1,0,0
-1.0,0.13699893414950415,0.9550000000000001,0.36340000000000006,-0.04280000000000001,0.11968000000000001,0.015068781535429463,0.00420953047616035,0.0451230742841558,-0.7968999999999999,0.36340000000000006,-0.919225,-0.1,0.0,0.0,0.0,0.0,0.0,0.0,0.0,0.0,0.0,0.0,0.0,0.0,0.0,0.0,0.0,0.0,0.0,0.0,0.0,0.0,1,0,0
-1.0,0.13471002294148018,0.9550000000000001,0.3522,-0.051599999999999965,0.10992000000000003,0.014663385944313044,0.0035091951722441284,0.04282054559871982,-0.7981,0.3522,-0.919525,-0.1,0.0,0.0,0.0,0.0,0.0,0.0,0.0,0.0,0.0,0.0,0.0,0.0,0.0,0.0,0.0,0.0,0.0,0.0,0.0,0.0,1,0,0
4.0,0.09470389809513223,0.95,0.37120000000000003,-0.036599999999999966,0.12652000000000005,0.0028475416648748642,0.004699467432566995,0.04670894117378409,-0.7961,0.37120000000000003,-0.829025,0.4,0.0,0.0,0.0,0.0,0.0,0.0,0.0,0.0,0.0,0.0,0.0,0.0,0.0,0.0,0.0,0.0,0.0,0.0,0.0,0.0,1,0,0
-4.0,0.14327810081617082,0.954375,0.36340000000000006,-0.04280000000000001,0.11968000000000001,0.015068781535429463,0.00420953047616035,0.0451230742841558,-0.7968999999999999,0.36340000000000006,-0.829225,-0.4,0.0,0.0,0.0,0.0,0.0,0.0,0.0,0.0,0.0,0.0,0.0,0.0,0.0,0.0,0.0,0.0,0.0,0.0,0.0,0.0,1,0,0
-3.0,0.14326350981365585,0.9537500000000001,0.29419999999999985,0.2278,0.2543599999999999,0.01084639095152927,0.022404716024431948,0.09995661486460881,-0.7390000000000001,0.29419999999999985,-0.84475,-0.3,0.0,0.0,0.0,0.0,0.0,0.0,0.0,0.0,0.0,0.0,0.0,0.0,0.0,0.0,0.0,0.0,0.0,0.0,0.0,0.0,1,0,1
-5.0,0.1571531439053324,0.9540630000000001,-0.08120000000000005,-0.065,-0.07148000000000002,0.017713061464511255,0.046197948726189875,0.11234107683530083,-0.9269,0.08120000000000005,-0.831725,-0.5,0.0,0.0,0.0,0.0,0.0,0.0,0.0,0.0,0.0,0.0,0.0,0.0,0.0,0.0,0.0,0.0,0.0,0.0,0.0,0.0,1,0,1
-1.0,0.14893839716698482,0.9550000000000001,-0.08719999999999999,-0.06900000000000006,-0.07628000000000003,0.0176075603615681,0.045743134501335825,0.11245456226118528,-0.9218999999999999,0.08719999999999999,-0.950475,-0.1,0.0,0.0,0.0,0.0,0.0,0.0,0.0,0.0,0.0,0.0,0.0,0.0,0.0,0.0,0.0,0.0,0.0,0.0,0.0,0.0,1,0,1
-2.0,0.1508843772386657,0.9550000000000001,-0.08120000000000005,-0.065,-0.07148000000000002,0.017713061464511255,0.046197948726189875,0.11234107683530083,-0.9269,0.08120000000000005,-0.921725,-0.2,0.0,0.0,0.0,0.0,0.0,0.0,0.0,0.0,0.0,0.0,0.0,0.0,0.0,0.0,0.0,0.0,0.0,0.0,0.0,0.0,1,0,1
-2.0,0.15061461856156538,0.9550000000000001,-0.07079999999999999,-0.05780000000000001,-0.063,0.017898939579585386,0.047007540731009656,0.11214473538467644,-0.9357,0.07079999999999999,-0.923925,-0.2,0.0,0.0,0.0,0.0,0.0,0.0,0.0,0.0,0.0,0.0,0.0,0.0,0.0,0.0,0.0,0.0,0.0,0.0,0.0,0.0,1,0,1
-2.0,0.15118023347848428,0.9550000000000001,-0.09219999999999999,-0.07239999999999995,-0.08031999999999997,0.017521222807113268,0.045373435593516254,0.11256509505298436,-0.9177000000000001,0.09219999999999999,-0.919425,-0.2,0.0,0.0,0.0,0.0,0.0,0.0,0.0,0.0,0.0,0.0,0.0,0.0,0.0,0.0,0.0,0.0,0.0,0.0,0.0,0.0,1,0,1
1.0,0.34693866385925426,0.95,-0.5988,-0.5178,-0.5502,0.029494502958079035,0.04316574241950821,0.1840257646037812,-0.14628571428571424,0.5988,-0.7565714285714286,0.1,0.0,0.0,0.0,0.0,0.0,0.0,0.0,0.0,0.0,0.0,0.0,0.0,0.0,0.0,0.0,0.0,0.0,0.0,0.0,0.0,1,0,1
1.0,0.3496520552029958,0.95,-0.6056,-0.5234000000000001,-0.5562800000000001,0.029566694159717896,0.04346355253380352,0.18545642989044692,-0.12685714285714278,0.6056,-0.7517142857142857,0.1,0.0,0.0,0.0,0.0,0.0,0.0,0.0,0.0,0.0,0.0,0.0,0.0,0.0,0.0,0.0,0.0,0.0,0.0,0.0,0.0,1,0,1
1.0,0.3478110696829546,0.95,-0.601,-0.5196000000000001,-0.55216,0.029516893554110142,0.043257950544470236,0.18448155527045063,-0.14,0.601,-0.755,0.1,0.0,0.0,0.0,0.0,0.0,0.0,0.0,0.0,0.0,0.0,0.0,0.0,0.0,0.0,0.0,0.0,0.0,0.0,0.0,0.0,1,0,1
1.0,0.39695900594131617,0.95,0.8075999999999999,0.4369999999999999,0.58524,0.023150813208974455,0.07506892869517856,0.23445290864764326,0.45028571428571396,0.8075999999999999,-0.6074285714285715,0.1,0.0,0.0,0.0,0.0,0.0,0.0,0.0,0.0,0.0,0.0,0.0,0.0,0.0,0.0,0.0,0.0,0.0,0.0,0.0,0.0,1,0,1
2.0,0.38664291750362345,0.95,0.6003999999999999,0.34840000000000004,0.44920000000000004,0.036900185040475736,0.08354543263251113,0.21974030959538457,-0.1417142857142859,0.6003999999999999,-0.7254285714285715,0.2,0.0,0.0,0.0,0.0,0.0,0.0,0.0,0.0,0.0,0.0,0.0,0.0,0.0,0.0,0.0,0.0,0.0,0.0,0.0,0.0,1,0,1
2.0,0.38167218949295534,0.95,0.5880000000000001,0.3347999999999999,0.43607999999999997,0.03677670808463984,0.08267089404255734,0.2168500326817739,-0.17714285714285682,0.5880000000000001,-0.7342857142857142,0.2,0.0,0.0,0.0,0.0,0.0,0.0,0.0,0.0,0.0,0.0,0.0,0.0,0.0,0.0,0.0,0.0,0.0,0.0,0.0,0.0,1,0,1
2.0,0.3809416380767405,0.95,0.5862,0.3325999999999999,0.43404,0.036757915249097016,0.08253852124877681,0.21640685640317006,-0.18228571428571416,0.5862,-0.7355714285714285,0.2,0.0,0.0,0.0,0.0,0.0,0.0,0.0,0.0,0.0,0.0,0.0,0.0,0.0,0.0,0.0,0.0,0.0,0.0,0.0,0.0,1,0,1
2.0,0.19793408551736053,0.95,-0.20739999999999995,-0.19879999999999995,-0.20223999999999995,0.022922677856704606,0.07360702036559963,0.16703252028282492,-0.7969,0.20739999999999995,-0.889225,0.2,0.0,0.0,0.0,0.0,0.0,0.0,0.0,0.0,0.0,0.0,0.0,0.0,0.0,0.0,0.0,0.0,0.0,0.0,0.0,0.0,1,0,1
2.0,0.1978736863116743,0.95,-0.20620000000000005,-0.19840000000000002,-0.20152000000000003,0.022932916744702866,0.07367208671292125,0.16697611946562455,-0.7977,0.20620000000000005,-0.889425,0.2,0.0,0.0,0.0,0.0,0.0,0.0,0.0,0.0,0.0,0.0,0.0,0.0,0.0,0.0,0.0,0.0,0.0,0.0,0.0,0.0,1,0,1
3.0,0.2171630494676012,0.95,0.3662,-0.05,0.11648000000000003,0.02924248250007037,0.04213769168907122,0.12740435612444698,-0.7919,0.3662,-0.8579749999999999,0.3,0.0,0.0,0.0,0.0,0.0,0.0,0.0,0.0,0.0,0.0,0.0,0.0,0.0,0.0,0.0,0.0,0.0,0.0,0.0,0.0,1,0,1
3.0,0.21803510402633872,0.95,0.30419999999999986,-0.09219999999999999,0.06635999999999996,0.029668993466409492,0.04388813609379527,0.12854242783866945,-0.8018000000000001,0.30419999999999986,-0.86045,0.3,0.0,0.0,0.0,0.0,0.0,0.0,0.0,0.0,0.0,0.0,0.0,0.0,0.0,0.0,0.0,0.0,0.0,0.0,0.0,0.0,1,0,1
3.0,0.17540071748458388,0.95,0.09120000000000004,-0.085,-0.014519999999999984,0.02146621521289452,0.06484887443690013,0.13917698819814467,-0.9118999999999999,0.09120000000000004,-0.887975,0.3,0.0,0.0,0.0,0.0,0.0,0.0,0.0,0.0,0.0,0.0,0.0,0.0,0.0,0.0,0.0,0.0,0.0,0.0,0.0,0.0,1,0,1
3.0,0.17427693122128915,0.95,0.07920000000000002,-0.09459999999999993,-0.02507999999999995,0.02129186720689882,0.06386357754750382,0.13782749929144994,-0.9131,0.07920000000000002,-0.888275,0.3,0.0,0.0,0.0,0.0,0.0,0.0,0.0,0.0,0.0,0.0,0.0,0.0,0.0,0.0,0.0,0.0,0.0,0.0,0.0,0.0,1,0,1
4.0,0.0950611888306348,0.95,0.12620000000000003,-0.10260000000000005,-0.011080000000000013,0.005395223980421612,0.009519299918776536,0.04624085873884296,-0.8855999999999999,0.12620000000000003,-0.8513999999999999,0.4,0.0,0.0,0.0,0.0,0.0,0.0,0.0,0.0,0.0,0.0,0.0,0.0,0.0,0.0,0.0,0.0,0.0,0.0,0.0,0.0,1,0,1
4.0,0.1450611888306348,0.95,0.12620000000000003,-0.10260000000000005,-0.011080000000000013,0.017895223980421614,0.009519299918776536,0.04624085873884296,-0.8855999999999999,0.12620000000000003,-0.8513999999999999,0.4,0.0,0.0,0.0,0.0,0.0,0.0,0.0,0.0,0.0,0.0,0.0,0.0,0.0,0.0,0.0,0.0,0.0,0.0,0.0,0.0,1,0,1
4.0,0.09441838336577425,0.95,0.10739999999999995,-0.11760000000000005,-0.02760000000000004,0.005325466009804762,0.009378539679264275,0.04556388765903645,-0.8875,0.10739999999999995,-0.8518749999999999,0.4,0.0,0.0,0.0,0.0,0.0,0.0,0.0,0.0,0.0,0.0,0.0,0.0,0.0,0.0,0.0,0.0,0.0,0.0,0.0,0.0,1,0,1
4.0,0.14452440223469626,0.95,0.11,-0.11579999999999999,-0.025479999999999982,0.01783458025139329,0.009396900863795965,0.04567616485309598,-0.8871,0.11,-0.851775,0.4,0.0,0.0,0.0,0.0,0.0,0.0,0.0,0.0,0.0,0.0,0.0,0.0,0.0,0.0,0.0,0.0,0.0,0.0,0.0,0.0,1,0,1
4.0,0.09417279519254566,0.95,0.1,-0.12359999999999999,-0.03415999999999998,0.00529809552960565,0.009323454049671498,0.045305512818194456,-0.8882,0.1,-0.85205,0.4,0.0,0.0,0.0,0.0,0.0,0.0,0.0,0.0,0.0,0.0,0.0,0.0,0.0,0.0,0.0,0.0,0.0,0.0,0.0,0.0,1,0,1
5.0,0.22990796447067452,0.95,0.04659999999999997,0.13219999999999998,0.09795999999999998,0.03422234589019904,0.06631996435390752,0.14109080938387875,-0.9106000000000001,0.04659999999999997,-0.82765,0.5,0.0,0.0,0.0,0.0,0.0,0.0,0.0,0.0,0.0,0.0,0.0,0.0,0.0,0.0,0.0,0.0,0.0,0.0,0.0,0.0,1,0,1
5.0,0.2306436074294862,0.95,0.05819999999999993,0.1414,0.10811999999999997,0.034080136908932614,0.06549968605797696,0.14177533184871063,-0.9002,0.05819999999999993,-0.8250500000000001,0.5,0.0,0.0,0.0,0.0,0.0,0.0,0.0,0.0,0.0,0.0,0.0,0.0,0.0,0.0,0.0,0.0,0.0,0.0,0.0,0.0,1,0,1
5.0,0.2305482514335679,0.95,0.056800000000000066,0.14019999999999996,0.10684,0.03409728910184575,0.06559815685759385,0.14168552097936038,-0.9015,0.056800000000000066,-0.825375,0.5,0.0,0.0,0.0,0.0,0.0,0.0,0.0,0.0,0.0,0.0,0.0,0.0,0.0,0.0,0.0,0.0,0.0,0.0,0.0,0.0,1,0,1
5.0,0.22983885445229893,0.95,0.04560000000000002,0.13140000000000002,0.09708000000000001,0.034233651799167014,0.06638555602253116,0.1410249524181853,-0.9115,0.04560000000000002,-0.827875,0.5,0.0,0.0,0.0,0.0,0.0,0.0,0.0,0.0,0.0,0.0,0.0,0.0,0.0,0.0,0.0,0.0,0.0,0.0,0.0,0.0,1,0,1
6.0,0.3165795829640384,0.95,-0.45640000000000003,-0.40259999999999996,-0.42412,0.027857163118195083,0.11174544515611318,0.23675419484626797,-0.5531428571428572,0.45640000000000003,-0.7082857142857143,0.6,0.0,0.0,0.0,0.0,0.0,0.0,0.0,0.0,0.0,0.0,0.0,0.0,0.0,0.0,0.0,0.0,0.0,0.0,0.0,0.0,1,0,0
6.0,0.31563239128964327,0.95,-0.45380000000000004,-0.4014,-0.42235999999999996,0.027842878997721723,0.11161282451827792,0.23635501370064949,-0.5605714285714285,0.45380000000000004,-0.7101428571428572,0.6,0.0,0.0,0.0,0.0,0.0,0.0,0.0,0.0,0.0,0.0,0.0,0.0,0.0,0.0,0.0,0.0,0.0,0.0,0.0,0.0,1,0,0
6.0,0.32303817248923894,0.95,-0.474,-0.41119999999999995,-0.43631999999999993,0.02796090677488959,0.11271298619744141,0.23954370649884102,-0.5028571428571429,0.474,-0.6957142857142857,0.6,0.0,0.0,0.0,0.0,0.0,0.0,0.0,0.0,0.0,0.0,0.0,0.0,0.0,0.0,0.0,0.0,0.0,0.0,0.0,0.0,1,0,0
-1.0,0.20412642007049756,0.95,-0.0664,-0.27379999999999993,-0.19083999999999995,0.025562203628974448,0.09219777076324465,0.17994195977350513,-0.8299000000000001,0.0664,-0.927475,-0.1,0.0,0.0,0.0,0.0,0.0,0.0,0.0,0.0,0.0,0.0,0.0,0.0,0.0,0.0,0.0,0.0,0.0,0.0,0.0,0.0,1,0,1
-1.0,0.20633226883145586,0.95,-0.08260000000000005,-0.28200000000000003,-0.20224000000000003,0.025642183373631874,0.0928224047875682,0.1824140015391024,-0.8177,0.08260000000000005,-0.924425,-0.1,0.0,0.0,0.0,0.0,0.0,0.0,0.0,0.0,0.0,0.0,0.0,0.0,0.0,0.0,0.0,0.0,0.0,0.0,0.0,0.0,1,0,1
-1.0,0.20736659000905758,0.95,-0.09019999999999996,-0.2858,-0.20755999999999997,0.025680241232555426,0.09312099337948787,0.18357388524680104,-0.812,0.09019999999999996,-0.923,-0.1,0.0,0.0,0.0,0.0,0.0,0.0,0.0,0.0,0.0,0.0,0.0,0.0,0.0,0.0,0.0,0.0,0.0,0.0,0.0,0.0,1,0,0
-1.0,0.2862735913785594,0.9550000000000001,0.6541999999999999,0.4746000000000001,0.54644,0.015062713782313433,0.004198942616401968,0.10186706494592565,0.011999999999999567,0.6541999999999999,-0.7170000000000001,-0.1,0.0,0.0,0.0,0.0,0.0,0.0,0.0,0.0,0.0,0.0,0.0,0.0,0.0,0.0,0.0,0.0,0.0,0.0,0.0,0.0,1,0,1
-1.0,0.28569008683539654,0.9550000000000001,0.6530000000000001,0.47319999999999995,0.54512,0.015030924410540693,0.0041435250091432785,0.10149661831070485,0.008571428571428896,0.6530000000000001,-0.7178571428571427,-0.1,0.0,0.0,0.0,0.0,0.0,0.0,0.0,0.0,0.0,0.0,0.0,0.0,0.0,0.0,0.0,0.0,0.0,0.0,0.0,0.0,1,0,1
-1.0,0.28020321780780116,0.9550000000000001,0.6413999999999999,0.46139999999999987,0.5333999999999999,0.01474668657808224,0.0036519394405867267,0.09817543237769255,-0.02457142857142891,0.6413999999999999,-0.7261428571428572,-0.1,0.0,0.0,0.0,0.0,0.0,0.0,0.0,0.0,0.0,0.0,0.0,0.0,0.0,0.0,0.0,0.0,0.0,0.0,0.0,0.0,1,0,0
1.0,0.09663987347212025,0.95,-0.04420000000000002,-0.03319999999999993,-0.03759999999999997,0.009205524196603485,0.018092653815383386,0.055554625934876686,-0.9613,0.04420000000000002,-0.960325,0.1,0.0,0.0,0.0,0.0,0.0,0.0,0.0,0.0,0.0,0.0,0.0,0.0,0.0,0.0,0.0,0.0,0.0,0.0,0.0,0.0,1,0,1
1.0,0.0947371398825396,0.95,-0.03540000000000006,-0.02739999999999995,-0.030599999999999995,0.009046954355048816,0.01769767784997822,0.053503278275228876,-0.9686,0.03540000000000006,-0.96215,0.1,0.0,0.0,0.0,0.0,0.0,0.0,0.0,0.0,0.0,0.0,0.0,0.0,0.0,0.0,0.0,0.0,0.0,0.0,0.0,0.0,1,0,1
-2.0,0.10092323440828233,0.9524999999999999,-0.05379999999999995,-0.03959999999999994,-0.045279999999999945,0.009382012155172785,0.018536586890173345,0.05782038695918625,-0.9533,0.05379999999999995,-0.9283250000000001,-0.2,0.0,0.0,0.0,0.0,0.0,0.0,0.0,0.0,0.0,0.0,0.0,0.0,0.0,0.0,0.0,0.0,0.0,0.0,0.0,0.0,1,0,1
1.0,0.1461757413564073,0.95,-0.04200000000000003,-0.03180000000000007,-0.03588000000000005,0.021667378461644248,0.017997303894167982,0.05505407845616455,-0.9631,0.04200000000000003,-0.9607749999999999,0.1,0.0,0.0,0.0,0.0,0.0,0.0,0.0,0.0,0.0,0.0,0.0,0.0,0.0,0.0,0.0,0.0,0.0,0.0,0.0,0.0,1,0,1
1.0,0.14986062219026824,0.95,-0.05900000000000006,-0.04299999999999997,-0.0494,0.02197532759371186,0.01877317314191207,0.059030348729805754,-0.949,0.05900000000000006,-0.95725,0.1,0.0,0.0,0.0,0.0,0.0,0.0,0.0,0.0,0.0,0.0,0.0,0.0,0.0,0.0,0.0,0.0,0.0,0.0,0.0,0.0,1,0,1
-2.0,0.15403988048257905,0.9524999999999999,-0.06799999999999998,-0.049200000000000015,-0.05672,0.022143040456048837,0.019201660342666238,0.06118648451206809,-0.9414,0.06799999999999998,-0.92535,-0.2,0.0,0.0,0.0,0.0,0.0,0.0,0.0,0.0,0.0,0.0,0.0,0.0,0.0,0.0,0.0,0.0,0.0,0.0,0.0,0.0,1,0,1
2.0,0.3333817717777284,0.95,0.5259999999999999,0.46,0.4864,0.03141946003161647,0.05164810661345043,0.1860746897218295,-0.3542857142857144,0.5259999999999999,-0.7785714285714286,0.2,0.0,0.0,0.0,0.0,0.0,0.0,0.0,0.0,0.0,0.0,0.0,0.0,0.0,0.0,0.0,0.0,0.0,0.0,0.0,0.0,1,0,1
2.0,0.15584085287291843,0.95,-0.1464,-0.12159999999999997,-0.13151999999999997,0.017262221505064297,0.04427771438484218,0.11904459690658416,-0.866,0.1464,-0.9065,0.2,0.0,0.0,0.0,0.0,0.0,0.0,0.0,0.0,0.0,0.0,0.0,0.0,0.0,0.0,0.0,0.0,0.0,0.0,0.0,0.0,1,0,0
2.0,0.16214499322478426,0.95,-0.18560000000000001,-0.14480000000000004,-0.16112000000000004,0.017589428268515474,0.04566530648087075,0.12602626033669678,-0.8348,0.18560000000000001,-0.8987,0.2,0.0,0.0,0.0,0.0,0.0,0.0,0.0,0.0,0.0,0.0,0.0,0.0,0.0,0.0,0.0,0.0,0.0,0.0,0.0,0.0,1,0,1
1.0,0.3486960951580356,0.95,0.5674000000000001,0.4847999999999999,0.51784,0.03205424392553396,0.054711204042425354,0.19539944021610997,-0.23599999999999977,0.5674000000000001,-0.7789999999999999,0.1,0.0,0.0,0.0,0.0,0.0,0.0,0.0,0.0,0.0,0.0,0.0,0.0,0.0,0.0,0.0,0.0,0.0,0.0,0.0,0.0,1,0,0
1.0,0.3567867155384568,0.95,0.5862,0.4968000000000001,0.53256,0.03237336071055725,0.056305346935168865,0.19990410390612984,-0.18228571428571416,0.5862,-0.7655714285714286,0.1,0.0,0.0,0.0,0.0,0.0,0.0,0.0,0.0,0.0,0.0,0.0,0.0,0.0,0.0,0.0,0.0,0.0,0.0,0.0,0.0,1,0,0
-1.0,0.41036886733573436,0.95,0.5206000000000001,0.5546000000000001,0.5410000000000001,0.04412354278048989,0.15208850461900347,0.2804337886058379,-0.27257142857142835,0.5206000000000001,-0.788142857142857,-0.1,0.0,0.0,0.0,0.0,0.0,0.0,0.0,0.0,0.0,0.0,0.0,0.0,0.0,0.0,0.0,0.0,0.0,0.0,0.0,0.0,1,0,0
3.0,0.38110827607675585,0.95,0.5953999999999999,0.5974,0.5966,0.031848213681374735,0.15485222159689027,0.29126874647058404,-0.15028571428571402,0.5953999999999999,-0.6975714285714285,0.3,0.0,0.0,0.0,0.0,0.0,0.0,0.0,0.0,0.0,0.0,0.0,0.0,0.0,0.0,0.0,0.0,0.0,0.0,0.0,0.0,1,0,0
3.0,0.4274762078425869,0.95,0.5786000000000001,0.5880000000000001,0.5842400000000001,0.044300244860819425,0.15425864787860177,0.28886969366599125,-0.17714285714285682,0.5786000000000001,-0.7042857142857142,0.3,0.0,0.0,0.0,0.0,0.0,0.0,0.0,0.0,0.0,0.0,0.0,0.0,0.0,0.0,0.0,0.0,0.0,0.0,0.0,0.0,1,0,0
-1.0,0.3745819097799566,0.95,0.5844,0.5913999999999998,0.5885999999999999,0.031817055340144916,0.15446644687698918,0.2897118746910235,-0.16742857142857182,0.5844,-0.761857142857143,-0.1,0.0,0.0,0.0,0.0,0.0,0.0,0.0,0.0,0.0,0.0,0.0,0.0,0.0,0.0,0.0,0.0,0.0,0.0,0.0,0.0,1,0,0
-1.0,0.09291587950388493,0.9550000000000001,-0.22260000000000005,-0.20200000000000004,-0.21024000000000004,0.0036893637555595092,0.006221966923507516,0.05247105826791366,-0.7877,0.22260000000000005,-0.916925,-0.1,0.0,0.0,0.0,0.0,0.0,0.0,0.0,0.0,0.0,0.0,0.0,0.0,0.0,0.0,0.0,0.0,0.0,0.0,0.0,0.0,1,0,0
-2.0,0.1323129747585788,0.9524999999999999,0.3012,0.08040000000000007,0.16872000000000006,0.014370704696412218,0.0030123368457641853,0.039557029662313614,-0.8091999999999999,0.3012,-0.8923,-0.2,0.0,0.0,0.0,0.0,0.0,0.0,0.0,0.0,0.0,0.0,0.0,0.0,0.0,0.0,0.0,0.0,0.0,0.0,0.0,0.0,1,0,0
-1.0,0.13029630809191217,0.9550000000000001,0.3012,0.08040000000000007,0.16872000000000006,0.014370704696412218,0.0030123368457641853,0.039557029662313614,-0.8091999999999999,0.3012,-0.9223,-0.1,0.0,0.0,0.0,0.0,0.0,0.0,0.0,0.0,0.0,0.0,0.0,0.0,0.0,0.0,0.0,0.0,0.0,0.0,0.0,0.0,1,0,0
-1.0,0.3774227722960932,0.9550000000000001,-0.6142,-0.5202,-0.5578000000000001,0.03437554170719787,0.06721350930433667,0.21719845860285747,-0.1022857142857142,0.6142,-0.7455714285714286,-0.1,0.0,0.0,0.0,0.0,0.0,0.0,0.0,0.0,0.0,0.0,0.0,0.0,0.0,0.0,0.0,0.0,0.0,0.0,0.0,0.0,1,0,1
-2.0,0.3794394389627599,0.9524999999999999,-0.6142,-0.5202,-0.5578000000000001,0.03437554170719787,0.06721350930433667,0.21719845860285747,-0.1022857142857142,0.6142,-0.7155714285714285,-0.2,0.0,0.0,0.0,0.0,0.0,0.0,0.0,0.0,0.0,0.0,0.0,0.0,0.0,0.0,0.0,0.0,0.0,0.0,0.0,0.0,1,0,1
-1.0,0.12688448221965276,0.9550000000000001,0.2658,0.05939999999999998,0.14195999999999998,0.014501837581220053,0.003234053246813806,0.035805556245338294,-0.8374,0.2658,-0.92935,-0.1,0.0,0.0,0.0,0.0,0.0,0.0,0.0,0.0,0.0,0.0,0.0,0.0,0.0,0.0,0.0,0.0,0.0,0.0,0.0,0.0,1,0,0
-2.0,0.38160416941294617,0.9524999999999999,-0.6198,-0.5232,-0.56184,0.03442741373594422,0.06751841253050495,0.21822155349871047,-0.08628571428571441,0.6198,-0.7115714285714286,-0.2,0.0,0.0,0.0,0.0,0.0,0.0,0.0,0.0,0.0,0.0,0.0,0.0,0.0,0.0,0.0,0.0,0.0,0.0,0.0,0.0,1,0,1
-3.0,0.3935830359411831,0.9524999999999999,-0.7166,-0.6559999999999999,-0.68024,0.026675298173067033,0.10124798359331455,0.268812219587981,0.19028571428571417,0.7166,-0.6124285714285714,-0.3,0.0,0.0,0.0,0.0,0.0,0.0,0.0,0.0,0.0,0.0,0.0,0.0,0.0,0.0,0.0,0.0,0.0,0.0,0.0,0.0,1,0,0
-2.0,0.38895207238783547,0.9524999999999999,-0.7103999999999999,-0.6514,-0.6749999999999999,0.026597161203307285,0.10058697418845908,0.2674173460519313,0.1725714285714286,0.7103999999999999,-0.6468571428571428,-0.2,0.0,0.0,0.0,0.0,0.0,0.0,0.0,0.0,0.0,0.0,0.0,0.0,0.0,0.0,0.0,0.0,0.0,0.0,0.0,0.0,1,0,0
1.0,0.35167745552278346,0.95,-0.5666,-0.5904,-0.5808800000000001,0.027638502014949246,0.1097310081770162,0.2586291941951548,-0.17028571428571426,0.5666,-0.7625714285714286,0.1,0.0,0.0,0.0,0.0,0.0,0.0,0.0,0.0,0.0,0.0,0.0,0.0,0.0,0.0,0.0,0.0,0.0,0.0,0.0,0.0,1,0,1
1.0,0.35092381557351626,0.95,-0.564,-0.5886,-0.5787599999999999,0.027616658492707304,0.10953161164873104,0.25812981160212684,-0.1754285714285715,0.564,-0.7638571428571429,0.1,0.0,0.0,0.0,0.0,0.0,0.0,0.0,0.0,0.0,0.0,0.0,0.0,0.0,0.0,0.0,0.0,0.0,0.0,0.0,0.0,1,0,1
-2.0,0.3531071489068496,0.9524999999999999,-0.564,-0.5886,-0.5787599999999999,0.027616658492707304,0.10953161164873104,0.25812981160212684,-0.1754285714285715,0.564,-0.7338571428571429,-0.2,0.0,0.0,0.0,0.0,0.0,0.0,0.0,0.0,0.0,0.0,0.0,0.0,0.0,0.0,0.0,0.0,0.0,0.0,0.0,0.0,1,0,1
-4.0,0.24075756198649306,0.951875,-0.34739999999999993,-0.015600000000000024,-0.14831999999999998,0.030890401120344295,0.1433585062110203,0.21926778173452524,-0.8185,0.34739999999999993,-0.834625,-0.4,0.0,0.0,0.0,0.0,0.0,0.0,0.0,0.0,0.0,0.0,0.0,0.0,0.0,0.0,0.0,0.0,0.0,0.0,0.0,0.0,1,0,0
2.0,0.3511579556017927,0.95,-0.5526,-0.034200000000000015,-0.24156000000000002,0.03134026497803901,0.1486631401608507,0.24004775315177077,-0.27828571428571436,0.5526,-0.7595714285714286,0.2,0.0,0.0,0.0,0.0,0.0,0.0,0.0,0.0,0.0,0.0,0.0,0.0,0.0,0.0,0.0,0.0,0.0,0.0,0.0,0.0,1,0,0
2.0,0.3540957733234314,0.95,-0.5596,-0.042600000000000054,-0.24940000000000004,0.031434947027409024,0.14980068494450893,0.2419302278876851,-0.25828571428571423,0.5596,-0.7545714285714286,0.2,0.0,0.0,0.0,0.0,0.0,0.0,0.0,0.0,0.0,0.0,0.0,0.0,0.0,0.0,0.0,0.0,0.0,0.0,0.0,0.0,1,0,0
1.0,0.3519957733234314,0.95,-0.5596,-0.042600000000000054,-0.24940000000000004,0.031434947027409024,0.14980068494450893,0.2419302278876851,-0.25828571428571423,0.5596,-0.7845714285714286,0.1,0.0,0.0,0.0,0.0,0.0,0.0,0.0,0.0,0.0,0.0,0.0,0.0,0.0,0.0,0.0,0.0,0.0,0.0,0.0,0.0,1,0,0
2.0,0.3557930313363239,0.95,-0.5636,-0.04760000000000005,-0.254,0.031491898899140926,0.1504884726356548,0.24304183643382277,-0.24685714285714289,0.5636,-0.7517142857142858,0.2,0.0,0.0,0.0,0.0,0.0,0.0,0.0,0.0,0.0,0.0,0.0,0.0,0.0,0.0,0.0,0.0,0.0,0.0,0.0,0.0,1,0,0
-3.0,0.2589258108600415,0.9537500000000001,0.3969999999999999,0.3252000000000001,0.35392,0.03328853630786122,0.061090148386553356,0.17757726470139137,-0.6389,0.3969999999999999,-0.819725,-0.3,0.0,0.0,0.0,0.0,0.0,0.0,0.0,0.0,0.0,0.0,0.0,0.0,0.0,0.0,0.0,0.0,0.0,0.0,0.0,0.0,1,0,0
-5.0,0.31789506061081396,0.9540630000000001,0.4194,0.3425999999999999,0.37332,0.03363180772787836,0.06297029356824346,0.18297942122275457,-0.6190000000000001,0.4194,-0.75475,-0.5,0.0,0.0,0.0,0.0,0.0,0.0,0.0,0.0,0.0,0.0,0.0,0.0,0.0,0.0,0.0,0.0,0.0,0.0,0.0,0.0,1,0,0
-1.0,0.10690495097972552,0.9550000000000001,0.01,-0.21280000000000002,-0.12368000000000001,0.009359373496075683,0.018479385284612015,0.06785801913439457,-0.8886000000000001,0.01,-0.94215,-0.1,0.0,0.0,0.0,0.0,0.0,0.0,0.0,0.0,0.0,0.0,0.0,0.0,0.0,0.0,0.0,0.0,0.0,0.0,0.0,0.0,1,0,1
-1.0,0.10914466821697309,0.9550000000000001,-0.17799999999999996,0.11180000000000007,-0.004119999999999943,0.008865401102107928,0.017249907693728916,0.07030606444579779,-0.8551,0.17799999999999996,-0.933775,-0.1,0.0,0.0,0.0,0.0,0.0,0.0,0.0,0.0,0.0,0.0,0.0,0.0,0.0,0.0,0.0,0.0,0.0,0.0,0.0,0.0,1,0,0
-1.0,0.10893153033995262,0.9550000000000001,-0.17459999999999995,0.11379999999999996,-0.0015600000000000197,0.008844406398957172,0.017198431614193876,0.07007677776580523,-0.8558000000000001,0.17459999999999995,-0.9339500000000001,-0.1,0.0,0.0,0.0,0.0,0.0,0.0,0.0,0.0,0.0,0.0,0.0,0.0,0.0,0.0,0.0,0.0,0.0,0.0,0.0,0.0,1,0,0
-1.0,0.31318303699881034,0.95,-0.4618,-0.3912,-0.41944,0.02912988657125898,0.12415530509829853,0.245274000642803,-0.5377142857142857,0.4618,-0.8544285714285714,-0.1,0.0,0.0,0.0,0.0,0.0,0.0,0.0,0.0,0.0,0.0,0.0,0.0,0.0,0.0,0.0,0.0,0.0,0.0,0.0,0.0,1,0,0
-6.0,0.1444526821451417,0.95,0.39120000000000005,0.22299999999999998,0.29028,0.00913287614855539,0.017911243858165893,0.09731727531276323,-0.6929000000000001,0.39120000000000005,-0.743225,-0.6,0.0,0.0,0.0,0.0,0.0,0.0,0.0,0.0,0.0,0.0,0.0,0.0,0.0,0.0,0.0,0.0,0.0,0.0,0.0,0.0,1,0,0
-4.0,0.2452651093507928,0.9537500000000001,0.5586000000000001,-0.009200000000000017,0.21792000000000006,0.01088787731245445,0.022519329377186703,0.10379727466920696,-0.2611428571428568,0.5586000000000001,-0.6952857142857142,-0.4,0.0,0.0,0.0,0.0,0.0,0.0,0.0,0.0,0.0,0.0,0.0,0.0,0.0,0.0,0.0,0.0,0.0,0.0,0.0,0.0,1,0,0
-2.0,0.13039080184830174,0.9524999999999999,0.2531999999999999,-0.011200000000000045,0.09455999999999995,0.0158772183575625,0.005649752291984389,0.03823104590717429,-0.8678,0.2531999999999999,-0.90695,-0.2,0.0,0.0,0.0,0.0,0.0,0.0,0.0,0.0,0.0,0.0,0.0,0.0,0.0,0.0,0.0,0.0,0.0,0.0,0.0,0.0,1,0,0
1.0,0.1278591195972702,0.95,0.24719999999999998,-0.01780000000000001,0.08819999999999999,0.015802286933239335,0.005513751902773478,0.03788242271401826,-0.8675,0.24719999999999998,-0.936875,0.1,0.0,0.0,0.0,0.0,0.0,0.0,0.0,0.0,0.0,0.0,0.0,0.0,0.0,0.0,0.0,0.0,0.0,0.0,0.0,0.0,1,0,0
-2.0,0.135457536843765,0.9524999999999999,0.28400000000000003,0.02180000000000007,0.12668000000000007,0.016270975736457267,0.006373101056096897,0.04357004559040727,-0.8471,0.28400000000000003,-0.901775,-0.2,0.0,0.0,0.0,0.0,0.0,0.0,0.0,0.0,0.0,0.0,0.0,0.0,0.0,0.0,0.0,0.0,0.0,0.0,0.0,0.0,1,0,0
-2.0,0.1298369277960868,0.9524999999999999,0.24379999999999996,-0.021400000000000006,0.08467999999999999,0.015760208571544802,0.005437608458967791,0.03767606238113697,-0.8674000000000001,0.24379999999999996,-0.90685,-0.2,0.0,0.0,0.0,0.0,0.0,0.0,0.0,0.0,0.0,0.0,0.0,0.0,0.0,0.0,0.0,0.0,0.0,0.0,0.0,0.0,1,0,0
-7.0,0.23646172294310405,0.9550000000000001,0.2822,0.28300000000000014,0.2826800000000001,0.026393412358253265,0.09888195661836974,0.20340421166886716,-0.7174,0.2822,-0.7193499999999999,-0.7,0.0,0.0,0.0,0.0,0.0,0.0,0.0,0.0,0.0,0.0,0.0,0.0,0.0,0.0,0.0,0.0,0.0,0.0,0.0,0.0,1,0,0
-3.0,0.16735371961440876,0.9524999999999999,0.02519999999999996,-0.07040000000000006,-0.03216000000000005,0.0247757161149391,0.02652648650332967,0.07487136654381613,-0.9522,0.02519999999999996,-0.89805,-0.3,0.0,0.0,0.0,0.0,0.0,0.0,0.0,0.0,0.0,0.0,0.0,0.0,0.0,0.0,0.0,0.0,0.0,0.0,0.0,0.0,1,0,1
-1.0,0.16307038628107542,0.95,0.02519999999999996,-0.07040000000000006,-0.03216000000000005,0.0247757161149391,0.02652648650332967,0.07487136654381613,-0.9522,0.02519999999999996,-0.95805,-0.1,0.0,0.0,0.0,0.0,0.0,0.0,0.0,0.0,0.0,0.0,0.0,0.0,0.0,0.0,0.0,0.0,0.0,0.0,0.0,0.0,1,0,1
-5.0,0.11728867263613119,0.9524999999999999,0.11040000000000007,0.11019999999999996,0.11028,0.012762700603306417,0.00040670606577730695,0.018663283953626174,-0.8897,0.11040000000000007,-0.822425,-0.5,0.0,0.0,0.0,0.0,0.0,0.0,0.0,0.0,0.0,0.0,0.0,0.0,0.0,0.0,0.0,0.0,0.0,0.0,0.0,0.0,1,0,1
-3.0,0.11315388625466838,0.9524999999999999,0.1186,0.11620000000000004,0.11716000000000001,0.012576431198634778,0.0001178015015684819,0.01883518214995724,-0.8826,0.1186,-0.88065,-0.3,0.0,0.0,0.0,0.0,0.0,0.0,0.0,0.0,0.0,0.0,0.0,0.0,0.0,0.0,0.0,0.0,0.0,0.0,0.0,0.0,1,0,1
-3.0,0.11494353067898322,0.9537500000000001,-0.11400000000000006,-0.2236,-0.17976000000000003,0.008520618164710163,0.016412411170292907,0.07210701114359754,-0.8311999999999999,0.11400000000000006,-0.8678,-0.3,0.0,0.0,0.0,0.0,0.0,0.0,0.0,0.0,0.0,0.0,0.0,0.0,0.0,0.0,0.0,0.0,0.0,0.0,0.0,0.0,1,0,0
-8.0,0.11764212462920891,0.9524999999999999,-0.10239999999999995,0.04079999999999998,-0.016479999999999995,0.012699691913068226,0.00030869040423275873,0.012262337843352315,-0.9284,0.10239999999999995,-0.7421,-0.8,0.0,0.0,0.0,0.0,0.0,0.0,0.0,0.0,0.0,0.0,0.0,0.0,0.0,0.0,0.0,0.0,0.0,0.0,0.0,0.0,1,0,1
-4.0,0.05267528285245403,0.953125,-0.006200000000000046,-0.01480000000000004,-0.011360000000000042,0.0006400696825152792,0.0010000008543682437,0.004899568214607133,-0.9894999999999999,0.006200000000000046,-0.877375,-0.4,0.0,0.0,0.0,0.0,0.0,0.0,0.0,0.0,0.0,0.0,0.0,0.0,0.0,0.0,0.0,0.0,0.0,0.0,0.0,0.0,1,0,1
1.0,0.09627111618578736,0.95,-0.006200000000000046,-0.01480000000000004,-0.011360000000000042,0.01314006968251528,0.0010000008543682437,0.004899568214607133,-0.9894999999999999,0.006200000000000046,-0.967375,0.1,0.0,0.0,0.0,0.0,0.0,0.0,0.0,0.0,0.0,0.0,0.0,0.0,0.0,0.0,0.0,0.0,0.0,0.0,0.0,0.0,1,0,1
1.0,0.16950755640294377,0.95,-0.257,-0.06019999999999996,-0.13892,0.022970109968772575,0.021378205673533546,0.0816755078512717,-0.8414,0.257,-0.93035,0.1,0.0,0.0,0.0,0.0,0.0,0.0,0.0,0.0,0.0,0.0,0.0,0.0,0.0,0.0,0.0,0.0,0.0,0.0,0.0,0.0,1,0,0
1.0,0.17153643523908219,0.95,-0.26439999999999997,-0.06579999999999998,-0.14523999999999998,0.023173491114977126,0.021930140115610786,0.08387911019813263,-0.8349,0.26439999999999997,-0.928725,0.1,0.0,0.0,0.0,0.0,0.0,0.0,0.0,0.0,0.0,0.0,0.0,0.0,0.0,0.0,0.0,0.0,0.0,0.0,0.0,0.0,1,0,0
1.0,0.16848082824825625,0.95,-0.2531999999999999,-0.05739999999999995,-0.13571999999999995,0.022867435396299148,0.021102123612037227,0.08056133854026595,-0.8447,0.2531999999999999,-0.931175,0.1,0.0,0.0,0.0,0.0,0.0,0.0,0.0,0.0,0.0,0.0,0.0,0.0,0.0,0.0,0.0,0.0,0.0,0.0,0.0,0.0,1,0,0
1.0,0.12202946288447267,0.95,0.04159999999999996,-0.09379999999999995,-0.03963999999999998,0.013406811376266467,0.030059603785820954,0.08477301499684829,-0.9323,0.04159999999999996,-0.953075,0.1,0.0,0.0,0.0,0.0,0.0,0.0,0.0,0.0,0.0,0.0,0.0,0.0,0.0,0.0,0.0,0.0,0.0,0.0,0.0,0.0,1,0,1
-1.0,0.1685217113421446,0.95,-0.06959999999999994,-0.07540000000000006,-0.07308,0.02185901837034806,0.06711663590973094,0.13934927340616704,-0.9275,0.06959999999999994,-0.951875,-0.1,0.0,0.0,0.0,0.0,0.0,0.0,0.0,0.0,0.0,0.0,0.0,0.0,0.0,0.0,0.0,0.0,0.0,0.0,0.0,0.0,1,0,1
-1.0,0.1678478359144444,0.95,-0.065,-0.07340000000000003,-0.07004000000000002,0.021823280712961052,0.06690752524863997,0.13859152776535397,-0.9308,0.065,-0.9527,-0.1,0.0,0.0,0.0,0.0,0.0,0.0,0.0,0.0,0.0,0.0,0.0,0.0,0.0,0.0,0.0,0.0,0.0,0.0,0.0,0.0,1,0,1
2.0,0.16994783591444443,0.95,-0.065,-0.07340000000000003,-0.07004000000000002,0.021823280712961052,0.06690752524863997,0.13859152776535397,-0.9308,0.065,-0.9227,0.2,0.0,0.0,0.0,0.0,0.0,0.0,0.0,0.0,0.0,0.0,0.0,0.0,0.0,0.0,0.0,0.0,0.0,0.0,0.0,0.0,1,0,1
1.0,0.17285470134457778,0.95,-0.09819999999999993,-0.08879999999999995,-0.09255999999999995,0.022094636982566106,0.0685095298061873,0.14422846606081177,-0.9065000000000001,0.09819999999999993,-0.946625,0.1,0.0,0.0,0.0,0.0,0.0,0.0,0.0,0.0,0.0,0.0,0.0,0.0,0.0,0.0,0.0,0.0,0.0,0.0,0.0,0.0,1,0,1
-1.0,0.17368931625655715,0.95,-0.1036,-0.09140000000000001,-0.09628,0.02214121976177901,0.06878786307325846,0.1451697244737195,-0.9025,0.1036,-0.945625,-0.1,0.0,0.0,0.0,0.0,0.0,0.0,0.0,0.0,0.0,0.0,0.0,0.0,0.0,0.0,0.0,0.0,0.0,0.0,0.0,0.0,1,0,1
2.0,0.19946970256844482,0.95,-0.13819999999999993,-0.02519999999999996,-0.07039999999999995,0.026919549280835706,0.10334010265966997,0.1755132106221673,-0.9183000000000001,0.13819999999999993,-0.919575,0.2,0.0,0.0,0.0,0.0,0.0,0.0,0.0,0.0,0.0,0.0,0.0,0.0,0.0,0.0,0.0,0.0,0.0,0.0,0.0,0.0,1,0,0
1.0,0.19419454152538185,0.95,-0.11719999999999998,-0.013400000000000033,-0.05492000000000002,0.026772849036278756,0.10207883355350977,0.17190894919473684,-0.9347,0.11719999999999998,-0.953675,0.1,0.0,0.0,0.0,0.0,0.0,0.0,0.0,0.0,0.0,0.0,0.0,0.0,0.0,0.0,0.0,0.0,0.0,0.0,0.0,0.0,1,0,0
3.0,0.19600458780063035,0.95,-0.10120000000000004,-0.0045999999999999375,-0.04323999999999998,0.02666396924968193,0.10115189820353965,0.1691987085058713,-0.9471,0.10120000000000004,-0.896775,0.3,0.0,0.0,0.0,0.0,0.0,0.0,0.0,0.0,0.0,0.0,0.0,0.0,0.0,0.0,0.0,0.0,0.0,0.0,0.0,0.0,1,0,0
2.0,0.10822536663142399,0.95,0.060400000000000065,-0.04480000000000004,-0.0027199999999999967,0.010846897722874269,0.02240611432953654,0.06721099983384479,-0.9473999999999999,0.060400000000000065,-0.92685,0.2,0.0,0.0,0.0,0.0,0.0,0.0,0.0,0.0,0.0,0.0,0.0,0.0,0.0,0.0,0.0,0.0,0.0,0.0,0.0,0.0,1,0,1
1.0,0.10658478982289354,0.95,0.05700000000000003,-0.04719999999999999,-0.00551999999999998,0.010946541901170686,0.022681894138907532,0.06771411705075406,-0.9479,0.05700000000000003,-0.956975,0.1,0.0,0.0,0.0,0.0,0.0,0.0,0.0,0.0,0.0,0.0,0.0,0.0,0.0,0.0,0.0,0.0,0.0,0.0,0.0,0.0,1,0,1
-1.0,0.19144347362759565,0.95,0.10620000000000004,0.11299999999999998,0.11028,0.025079761736965286,0.0885108655029817,0.16709532018581685,-0.8904,0.10620000000000004,-0.9426,-0.1,0.0,0.0,0.0,0.0,0.0,0.0,0.0,0.0,0.0,0.0,0.0,0.0,0.0,0.0,0.0,0.0,0.0,0.0,0.0,0.0,1,0,0
-1.0,0.19157364644497976,0.95,0.10840000000000004,0.11420000000000002,0.11188000000000003,0.02505829221867376,0.08834996969811004,0.16721416243968878,-0.8887,0.10840000000000004,-0.942175,-0.1,0.0,0.0,0.0,0.0,0.0,0.0,0.0,0.0,0.0,0.0,0.0,0.0,0.0,0.0,0.0,0.0,0.0,0.0,0.0,0.0,1,0,0
-1.0,0.19029733187561784,0.95,0.08700000000000002,0.10239999999999995,0.09623999999999998,0.02526701273000784,0.08992554506066808,0.1660484693180682,-0.9053,0.08700000000000002,-0.946325,-0.1,0.0,0.0,0.0,0.0,0.0,0.0,0.0,0.0,0.0,0.0,0.0,0.0,0.0,0.0,0.0,0.0,0.0,0.0,0.0,0.0,1,0,0
-1.0,0.19114178663691653,0.95,0.10099999999999994,0.11019999999999996,0.10651999999999995,0.025131128374845185,0.08889690151606022,0.16682167344440416,-0.8944000000000001,0.10099999999999994,-0.9436,-0.1,0.0,0.0,0.0,0.0,0.0,0.0,0.0,0.0,0.0,0.0,0.0,0.0,0.0,0.0,0.0,0.0,0.0,0.0,0.0,0.0,1,0,0
3.0,0.06350111357852578,0.95,-0.0048000000000000395,-0.025600000000000022,-0.017280000000000028,0.003010689147891955,0.004989437133818275,0.017913139478745423,-0.9848,0.0048000000000000395,-0.9062,0.3,0.0,0.0,0.0,0.0,0.0,0.0,0.0,0.0,0.0,0.0,0.0,0.0,0.0,0.0,0.0,0.0,0.0,0.0,0.0,0.0,1,0,1
2.0,0.05856228045049787,0.95,0.014000000000000058,-0.009200000000000017,8.000000000001322e-05,0.0025671989418987124,0.004206768634453906,0.015021942730719115,-0.9884,0.014000000000000058,-0.9371,0.2,0.0,0.0,0.0,0.0,0.0,0.0,0.0,0.0,0.0,0.0,0.0,0.0,0.0,0.0,0.0,0.0,0.0,0.0,0.0,0.0,1,0,1
-2.0,0.0972062971973548,0.9524999999999999,-0.12340000000000004,-0.125,-0.12436000000000001,0.0067977755405304345,0.012465291918803745,0.055463586473731986,-0.8758,0.12340000000000004,-0.90895,-0.2,0.0,0.0,0.0,0.0,0.0,0.0,0.0,0.0,0.0,0.0,0.0,0.0,0.0,0.0,0.0,0.0,0.0,0.0,0.0,0.0,1,0,1
-2.0,0.09105762367389443,0.9524999999999999,-0.10040000000000006,-0.10439999999999998,-0.10280000000000002,0.006232426423536029,0.011250625772119438,0.04892388637149438,-0.8976,0.10040000000000006,-0.9144,-0.2,0.0,0.0,0.0,0.0,0.0,0.0,0.0,0.0,0.0,0.0,0.0,0.0,0.0,0.0,0.0,0.0,0.0,0.0,0.0,0.0,1,0,1
-2.0,0.12695013534918095,0.9524999999999999,-0.09760000000000005,-0.049200000000000015,-0.06856000000000002,0.013762046303967011,0.031222953910535867,0.08781715570174252,-0.9266,0.09760000000000005,-0.92165,-0.2,0.0,0.0,0.0,0.0,0.0,0.0,0.0,0.0,0.0,0.0,0.0,0.0,0.0,0.0,0.0,0.0,0.0,0.0,0.0,0.0,1,0,1
3.0,0.2001600800257288,0.95,0.06299999999999997,0.11159999999999996,0.09215999999999996,0.026508858501036854,0.09984474454699832,0.17352032404462178,-0.9127000000000001,0.06299999999999997,-0.888175,0.3,0.0,0.0,0.0,0.0,0.0,0.0,0.0,0.0,0.0,0.0,0.0,0.0,0.0,0.0,0.0,0.0,0.0,0.0,0.0,0.0,1,0,1
4.0,0.20357194137691043,0.95,0.08,0.1258,0.10747999999999999,0.026332858749449992,0.09838037693552937,0.174743084448515,-0.8971,0.08,-0.854275,0.4,0.0,0.0,0.0,0.0,0.0,0.0,0.0,0.0,0.0,0.0,0.0,0.0,0.0,0.0,0.0,0.0,0.0,0.0,0.0,0.0,1,0,1
-2.0,0.19945527471024374,0.9524999999999999,0.08,0.1258,0.10747999999999999,0.026332858749449992,0.09838037693552937,0.174743084448515,-0.8971,0.08,-0.914275,-0.2,0.0,0.0,0.0,0.0,0.0,0.0,0.0,0.0,0.0,0.0,0.0,0.0,0.0,0.0,0.0,0.0,0.0,0.0,0.0,0.0,1,0,1
